id	text
177	Bert
178	Loryn
179	Ernie
182	Mayor Crystalline
185	Therin
186	Valinda
201	Bruce
204	Umari, the yeti chief, took over Hot Springs Haven! Residents can no longer enjoy their favorite place of leisure! Head in and defeat Umari!
386	The coolest ride in Snowhill!
396	Use your robgoblin disguise to sneak into the robgoblin camp near the Snowhill Warpstone.
404	Snowhill Lodge
409	Snowhill Lodge Furniture Bundle
410	Get the Snowhill Lodge Furniture Bundle now for only 599 SC.
700	You heard right, rockers. Bruce is back and playing a show near you!<br><br>Check out your Quick Items for Bruce's Offstage Passes!
701	Bruce's Offstage Pass
702	Use your Offstage Pass to see Bruce play a show near you!
778	Look for Mayor Crystalline in Snowhill.
779	Look for Jonathon Forkpath in Snowhill.
780	Look for Scarlet Shadeveil in Snowhill.
781	Look for Senari in Snowhill.
782	Look for Baron von Darkcheat in Snowhill.
830	The Snowhill Lodge is here! This two-story mountaintop house has tons of buildable space and customizable areas, chimneys large enough to drop down, and a scenic view down the mountain from the backyard balcony.<br><br>There's also an accompanying set of Snowhill Lodge furniture, including a singing Moose Head! You can find both the Snowhill Lodge and Furniture in the SC Marketplace.<br><br>And lastly, there are over FIFTY new wall and floor customizations available in both the SC Marketplace and Coin Shop!
1078	Snowhill Coin
1083	Deliver to Kiel
1085	Deliver to Julie
1086	Deliver to Carrie
1091	Deliver to Grog
1382	Dried Up Snowhill Leaf
1383	Wet Snowhill Leaf
1384	Torn Snowhill Leaf
1385	Freshly Fallen Snowhill Leaf
1386	Bug Bitten Snowhill Leaf
1387	Frozen Snowhill Leaf
1388	Snowy Snowhill Leaf
1389	Icy Snowhill Leaf
1470	Snowhill Stamp
1486	Snowhill Postcard
1654	‘Tis the season for gifts, giving, and snow! Meet Candi Ivy in Snowhill to learn all about the Gifting Tree and the presents it drops every day. But watch out for the Abominable Snowman and his Snowman army! They’re also after the Gifting Tree’s presents! Are you brave enough to stop them?
1980	Return to Mayor Crystalline
1986	Mayor Crystalline in Snowhill wants you to play a few games of cards.
2006	Bert the mailman cocks his head to one side as you approach.  Flapping his ar... err.. wings emphatically, you get the idea that he needs your help with sometime.
2019	Deliver to Bert
2021	Deliver to Smitty
2022	Deliver to Brittany
2023	Deliver to Loryn
2024	Deliver to Big J
2025	Deliver to Mr. Twinkle
2085	Retrieve Farmer Cinn's turnips from the yetis!
2159	The third set for the Free Realms Trading Card Game introduces a new card player in Snowhill who is willing to do whatever it takes to get the Gloamstone!  Each pack contains randomly inserted Free Realms Trading Card Game cards plus one loot card.
2160	The third set for the Free Realms Trading Card Game introduces a new card player in Snowhill who is willing to do whatever it takes to get the Gloamstone!  This 40-card starter deck features cards from all three Free Realms sets and is based on the Chaos sphere.
2161	The third set for the Free Realms Trading Card Game introduces a new card player in Snowhill who is willing to do whatever it takes to get the Gloamstone!  This 40-card starter deck features cards from all three Free Realms sets and is based on the Machine sphere.  
2162	The third set for the Free Realms Trading Card Game introduces a new card player in Snowhill who is willing to do whatever it takes to get the Gloamstone!  This 40-card starter deck features cards from all three Free Realms sets and is based on the Nature sphere.  
2163	The third set for the Free Realms Trading Card Game introduces a new card player in Snowhill who is willing to do whatever it takes to get the Gloamstone!  This 40-card starter deck features cards from all three Free Realms sets and is based on the Order sphere.
2164	Begin your search for the new card player in Snowhill! Battle Tyrone Shadowshard in Blackspore Swamp and Mayor Crystalline in four games each to earn eight promo cards. Make sure you have already purchased and completed the "Shattered Past - Quest Pack 3" and attained Level 20 as a Card Duelist.
2165	Continue your search for the new card player in Snowhill! Battle Jonathon Forkpath and Scarlet Shadeveil in four games each to earn eight promo cards. Make sure you have already purchased and completed "Baron von Darkcheat - Quest Pack 1" and attained Level 20 as a Card Duelist.
2166	Complete your search for the new card player in Snowhill! Battle Senari and Baron von Darkcheat in four games each to earn eight promo cards and a special ride! Make sure you have already purchased and completed "Baron von Darkcheat Quest Packs 1 & 2" and attained Level 20 as a Card Duelist.
2201	Bert's legs are too short and it's making him fall behind in his deliveries!  Help him out by giving the mail to the right postal customers.<BR><BR>Use the Hot and Cold meter to help find your way.
2207	Someone is playing a joke on Bert.  Instead of putting the names of the person who is supposed to get the mail, someone has decided to put riddles instead.  Help Bert figure out who gets the mail by unraveling the clues.
2367	Find Mayor Crystalline
2369	Find Scarlet Shadeveil
2370	Find Senari
2575	Look for Mayor Crystalline in Snowhill.
2576	Look for Jonathon Forkpath in Snowhill.
2577	Look for Scarlet Shadeveil in Snowhill.
2578	Look for Senari in Snowhill.
2579	Look for Baron von Darkcheat in Snowhill.
2581	If you want to find The Baron the best person to talk to is <font color='#D9781A'>Mayor Crystalline</font> in <font color='#D9781A'>Snowhill</font>.<BR><BR>Nothing happens in that town that she doesn't know about.
2582	<font color='#D9781A'>Jonathon Forkpath</font> has long been a staunch defender of Snowhill. I'm sure he'll know what to do!<BR><BR>You can usually find him walking around the center of town.
2583	If anybody knows how to find that sneaky looking dwarf it's <font color='#D9781A'>Scarlet Shadeveil</font>!<BR><BR>Try looking for her near the town hall.
2584	<font color='#D9781A'>Senari</font>, the able explorer will probably know exactly where to find this sneaky dwarf.<BR><BR>She's usually hanging out on the other side of the town hall.
2588	The Mayor says what? Snowhill is melting!?
2591	Snowhill is melting? Who cares? Soon, I will be the King of all Sacred Grove!
2866	You find a locked diary with a picture of the rock star Bruce on the cover.
2884	Okay then, let's start with you Joelle. Show us what you've got!
2888	Alright, not bad, Joelle! What about you, Tarvie?
3061	Smitty
3062	Brittany
3063	Murphy
3069	Carrie
3070	Mr. Twinkle
3224	Grog
3230	Trixi
3259	Honorary member of the Penguin Trainers of Snowhill.
3282	Good to see you!  I was hoping that you could help with our mail deliveries.  Lately Bert has been running behind in delivering the mail.  Do you think you could help?
3283	Great!  You can find Bert at the post office.
3284	Hey there, did Mayor Crystalline send you?  Do you think you could help us out with our mail situation?
3285	Ok great! Bert here seems to be mighty confused. See if you can give him a hand..err. . .wing.
3310	Julie
3368	Friends with Julie
3408	Therin's Tempered Circle Shard
3411	Ernie's Tempered Circle Shard
3427	Brian
3429	Joel
3463	Speak to Loryn
3465	You found Loryn!
3467	Loryn has told you that Snowhill is having all sorts of problems with their new Penguin Mailmen. Head over to Bert and see if you can straighten things out.
3469	Find Bert
3471	You found Bert!
3475	Report to Mayor Crystalline
3493	Go see Therin
3763	Murphy's Torch
3799	Murphy's Flame Stick
3961	Snowhill
4274	Bruce's Arch-Nemesis
4300	It looks like [*player*] isn't afraid of Chiroptera Snowhillius (that's the scientific name of the bats in the caves near Snowhill).
4404	Snowhill Elite Exploration
4444	Ice trolls and yetis are fighting over the snowy canyon.  They are causing trouble for the citizens of Snowhill and need to be run out.
4446	Climb the four peaks around Snowhill.
4554	Cinn
4564	Retrieve Farmer Cinn's turnips from Snowy Canyon.
4674	Great! You can find Bert at the post office.
4676	The Mysterious Merchant has appeared in Snowhill!
4681	You are not a postman. You should go talk to Loryn to learn more about becoming one!
4694	Good to see you! I was hoping you could help with our mail deliveries. Lately Bert has been running behind in delivering the mail. <BR><BR>Do you think you could help?
4716	Bert the mailman cocks his head to one side as you approach.  He recognizes that you are going to help him, and hands you his mail satchel. He then points a flipper towards the mailbox.
4726	Senari
4738	Why, hello there!  You may not have noticed, but Snowhill Village is a truly beautiful place.  It's even more gorgeous when gazing down upon it from the surrounding mountainsides.  Don't believe me?  You should go see for yourself!  Some of my favorite vi
4742	Hello! Snowhill Village is truly a beautiful place. You should go to some of my favorite vistas and check out the view!
4755	Snowhill Exploration
4772	Snowhill Village is truly a beautiful place. You should go to some of my favorite vistas and check out the view! I placed four flags on the mountain peaks you need to visit to help you along. You should be able to see the flags from down here. From way up there, everyone in Snowhill looks like ants!
4776	Snowhill Village is truly a beautiful place. You should go to some of my favorite vistas and check out the view! Oh. Wait a minute! It looks like you have not yet learned how to be an Explorer. Do you want to learn?
4780	You should now have the Explorer job!  I hope you manage to find the same spots I did.  To help you along, I placed some flags up on the mountain peaks.<BR><BR>From way up there, everyone in Snowhill looks like ants!  Tee hee hee.
4805	Locations you've discovered in or around Snowhill Village.
4807	Snowhill Hot Springs
4809	Snowhill Town Hall
4811	Snowhill Places
4812	Places of interest in and around Snowhill Village.
4813	All collections for Snowhill Village
5006	1 Snowhill St.
5017	Special Delivery: Snowhill Village
5018	You have been recruited at the Snowhill Post Office to help deliver mail.<BR>Deliver all of the letters in the specified time to prove you are the best postal worker in the history of Snowhill Village.
5022	Deliver mail to addresses around Snowhill Village.
5023	Return to Bert to let him know the mail is delivered.
5024	Bert has clocked you out. Well done.
5025	Speak with Bert.
5035	Snowhill Postboxes
5046	Find the letters Ernie dropped
5049	Ernie's Lost Letters
5050	Deliver Ernie's Lost Letters.
5054	Postal Route: Snowhill Village
5174	Return to Bert
5185	Snowhill Lot
5269	Deliver the case of cat treats before all of the cats in Snowhill Village find you.
5448	Frostpetal
5449	Little J
5452	Snowi
5453	Flynn
5454	Lealin
5456	Sorin
5457	Buren
5580	Play the Skate shop showdown minigame with a [Goal]; report back to Mr. Twinkle for your reward
5610	You sure picked a busy time to visit us! Normally we're a peaceful town, but lately Mayor Crystalline has had her hands full with running everything. You may want to talk to her to learn more about what is going on in town.
5642	NOT LIVE - Gems for Sorin
5648	Play Stage handiwork mini game and report points to Flynn.
5650	Welcome to Snowhill. Make sure to stop by the hot springs and get warm. I would be there myself, but it is my job to greet all newcomers.
5655	Introduce yourself to the mayor of Snowhill.
5662	Before the tunnel collapsed in the Deep Mines, the miners had done a significant amount of work opening up the caves. Buren knows the left tunnel is pretty stable, but wants you to check the right tunnel.
5696	Watch your step there, the walkway is a bit slippery.<BR><BR>I'm Murphy, manager of the most famous hot springs resort in all of Sacred Grove.
5720	If you could help us out that would be great. Just go see Bert the penguin.
6156	Kiel
6209	Deliver as many advertisements for the Skate Shop Showdown as you can to mailboxes in Snowhill Village.
6291	Small Snowhill House
6292	Large Snowhill House
6297	A small house in Snowhill
6298	A large house in Snowhill
6304	Interested in fishing? I wish my brother Big J would come and fish with me, but he's obsessed with the bait shop and won't take any time off to relax. You should go see him if you need some fishing gear.
6336	Oh wow, I just got back from hiking up in the mountains around Snowhill.  I can't believe how gorgeous the views were.
6362	Deliver letters to their recipients in Snowhill. Go to the Post Boxes near Loryn to start the challenge.
6368	Deliver letters in Snowhill. Use the mailboxes with the postal icon near Loryn to start the challenge.
6372	Bert sure has a hard time sorting the mail with his flippers. He's been working at it and he's got some that's ready for delivery. Can you help him get those letters where they need to go? Get started at the mailboxes.
6375	Big J
6378	Report back to Loryn.
6379	Now that you've delivered those letters, check back with Loryn.
6383	Go to Loryn's mail boxes and defeat the Ernie's Lost Letters challenge.
6384	Return to Loryn
6385	Bring the mail back to Loryn
6389	Go to the postboxes and beat the Ernie's Lost Letters mini game.
6393	It seems that Ernie is having some trouble delivering the mail.  He comes back with dog bites and bits of torn letters. Can you help him get the job done? Use the mail boxes to start the challenge.
6402	Smitty wants to teach you how to Smelt Ore.
6406	Smitty can be found in Snowhill.
6420	Visiting Snowhill for the Birthday Bash made me realize something...
6434	Obtain Chillblaine's pelt from the Frostfang Caverns in Snowhill.
6470	That was some fast sorting!  See if Loryn could use more help.
6502	Umari
6506	Silversnow
6713	Cakenstein has risen in Snowhill!
6746	An empty lot of land in Snowhill.
6804	Find Mayor Crystalline
6805	Mayor Crystalline can be found by the clock tower in town.
6815	Defeat noisy yetis inside of the Hot Springs Haven in Snowhill.
6823	Murphy says the yetis in Hot Springs Haven are making a lot of noise, and generally making a nuisance of themselves.<BR><BR>Head into Hot Springs Haven and interrupt their unruly noisemaking by taking down some of the yetis you find there.<BR>
6827	Could you sneak into the Hot Springs Haven and turn down that radio?  You will want to defeat the yetis' boss, Umari, as well so he doesn't turn the music back up.
6851	Defeat Umari, the Yeti Chief.
6937	Snowhill Post Office
6938	Snowhill Frozen Lake
7053	Wintara
7063	Hi there, I'm Frostpetal, the town greeter for Snowhill Village.<BR><BR>I have a bunch of tips and tricks for you. Just click whatever button you want to learn about.
7201	Did Frostpetal send you? I could indeed use your help. There is yeti trouble at the hot springs, scary problems at the mines, and don't even get me started on the post office!
7379	Buren's brother, Burlen, is missing in the Deep Mines. 
7494	You can find Perry just outside of Snowhill.  She's runs a farm.
7517	Look for Loryn
7518	Loryn is near the post office.
7576	Hi there.  Did Frostpetal send you?  I really could use your help.
7591	Bertaboo
7699	Snowhill Pixie Doll
7705	Snowhill Human Doll
7716	Snowhill Queen Doll
7769	Snowhill Water Samples
7775	Snowhill wear for the Pixie doll.
7781	Snowhill wear for the Human doll.
7792	Snowhill wear for the Queen doll.
7845	Samples of water from the cold village of Snowhill.
8376	Return to Jonathon Forkpath
8381	Return to Scarlet Shadeveil
8382	Beat Senari's First Deck
8383	Beat Senari's Second Deck
8384	Beat Senari's Third Deck
8385	Beat Senari's Fourth Deck
8386	Return to Senari
8412	Jonathon Forkpath in Snowhill wants you to play a few games of cards.
8413	Scarlet Shadeveil in Snowhill wants you to play a few games of cards.
8414	Senari in Snowhill wants you to play a few games of cards. 
8415	Baron von Darkcheat in Snowhill wants you to play a few games of cards.
8922	Senari's First Round
8923	Senari's Second Round
8924	Senari's Third Round
8925	Senari's Fourth Round
8940	Battle Jonathon and his creature deck. Be the first to score 12 points to win the match and a Buren creature card from his deck.
8945	Battle Scarlet and her tournament deck. Be the first to score 12 points to win the match and a Scarlet Shadeveil hero card from her deck.
8946	Battle Senari and her trick deck. Be the first to score 12 points to win the match and a Clever Kick trick card from her deck.
8947	Battle Senari and her resource deck. Be the first to score 12 points to win the match and a Frozen Over resource card from her deck.
8948	Battle Senari and her creature deck. Be the first to score 12 points to win the match and a Unlucky Angler creature card from her deck.
8949	Battle Senari and her tournament deck. Be the first to score 12 points to win the match and a Ree Peatpants hero card from her deck.
9248	Meet on the frozen lake in Snowhill and throw some snowballs at your friends!
9394	Snowhill Birthday Cake
9538	Lakeshore is so nice. It feels good to get away from the forge for awhile. What do you have there? Some workorders from Smitty? I guess he is pretty busy. I am on vacation though...
9541	Oh no! Carrie didn't like my poem?
9542	What?! That scoundrel Sampson told you to steal my hammer? Well I am glad you didn't side with him and try to take it. This calls for a new plan...
9633	It took you long enough! Tell Smitty I expect faster delivery next time.
9635	Yes, I am Michi. You say you recovered this stolen weapon from someone's house? It isn't mine. I would never use such a shoddy weapon. This appears to have been crafted by a complete amateur.
9649	Trixi said someone would be bringing me a new axe. I guess that someone is you. Thanks. Someone stole my last weapon. Stole it right off my belt they did!
9670	My goodness, we're swamped here at the Snowhill Post Office. Perry sent you? What a sweatheart.
9683	Mayor Crystalline is swamped!<BR><BR>It's tough being the boss when you have wild yetis, collapses in the mines, and now the mess at the post office!
9685	Ernie will be so glad that he doesn't have to get chased by those dogs today. Great job!
9733	You defeated him! I bet he was a big nasty, brute. You're a hero, my friend. <BR><BR>I'm not sure I want to go home though. I like it here with Michi. 
9775	You got rid of Sampson? I can't believe it. You are truly a first class Brawler. You have helped me and the citizens of the Sacred Grove a great deal. Take this for your valiant efforts.
9792	Therin sent you to work on your smelting skills? I doubt you can keep up with me, but I am interested in seeing you try.
9802	Trixi needs to hold her horses! I need more ore to make her new tools! She will just have to wait.
9823	You are just in time. Bruce won't wait much longer. Thanks for your help. Your autographed picture of Bruce will be in the mail, unless I forget and I often do. See ya.
9863	Splendid work rescuing the captured pixies held hostage in the troll fort.  However, it's the other kidnappings that I'm worried about.<BR><BR>The kidnappers in Snowhill are no mere forest trolls.  You will need training.  You will need to become a ninja.
9881	So Sampson ended up fleeing? What a coward. Thank you for helping me with this. I fear this whole situation may not entirely be over though. Come talk to me again when you have time. For now, get some rest.
9900	Thanks. I have so many orders to fufill I rarely get a chance to visit good ol' Therin.
9903	Someone stole these weapons and hid them in their house? The scoundrel! I don't see my axe though. One of those weapons looks like a ninja weapon. I don't know who it would belong to however. The only ninja I know of in Snowhill is Michi.
10042	It's such a mess down here. We'll be inspecting the tunnels for some time before we can get back to work. If you want to help, talk to Buren back in the main mine.
10046	Snowhill Playground
10140	Rescue Burlen, the trapped miner Buren mentioned could be stuck in the deepest section of the mines.
10474	An empty lot of land in Snowhill.<br><br>Buy now and get a FREE Wood Builders Pack valued at SC 200!
10490	An empty lot of land in Snowhill.<br><br>Buy now and get a FREE Wood Builders Pack valued at SC 200!
13906	Ernie Painting
13907	Ernie was featured in the Original Card Set.<br><br>Original Premium Painting 66 / 237
14720	Frostpetal has told you that a few residents of Snowhill need your help.
14721	Return to Cinn in Snowhill
14739	Return to Buren in the Singing Crystal Mines
14820	The mayor is in charge of everything that goes on in Snowhill. It can be overwhelming!
14904	Valinda has asked you to rescue her missing penguins from the Howling Hills.
14919	Give the samples to Sorin
14945	Give the tools to Trixi at the Singing Crystal Mines
14953	Return to Valinda in Snowhill
15046	The Community Team Ambassadors are hiding presents in Snowhill. Can you find them? Tune to the Zone Chat channel for clues! SERVER 1
15052	#Cap([*player*]) rocked out like a star for Snowi.
15096	Return to Buren at the Singing Crystal Mines
15106	Deliver letters to their recipients in Snowhill by clicking on the mail boxes near Loryn.
15398	Snowhill Blacksmith
16443	NOT LIVE - Play Ernie's Lost Letters minigame
16826	Morninglory
16965	Rare Snowhill Flowers
16966	A collection of flowers that bloom in Snowhill.
16967	Rare Snowhill Tulip
16968	Rare Snowhill Orchid
16969	Rare Snowhill Carnation
16970	Rare Snowhill Rose
16971	Rare Snowhill Daisy
16972	Rare Snowhill Lily
16973	Rare Snowhill Sunflower
16974	Rare Snowhill Daffodil
17283	Lost Little Joey
17564	Snowhill Birds of Paradise
17565	Snowhill Orchid
17566	Snowhill Hibiscus
17567	Snowhill Water Lily
17568	Snowhill Calla Lily
17569	Snowhill Passion Flower
17570	Snowhill Moon Flower
17571	Snowhill Kudzu
17572	Snowhill Tulips
17573	Snowhill Roses
17574	Snowhill Daisies
17575	Snowhill Sunflowers
17576	Snowhill Daffodils
17577	Snowhill Lilies
17578	Snowhill Orchids
17579	Snowhill Carnations
17581	Exotic Snowhill Flowers
17582	These special tulips must go through a lot of lip balm in order to survive the harsh cold weather conditions of Snowhill.
17590	A collection of rare Snowhill flowers. Legend says only 1 out of every 9 flowers found is this rare.
17591	Exotic flowers found throughout Snowhill.  Their beauty is matched by their willingness to survive in the coldest conditions.  
17805	Snowhill Birthday Cake Sample
18235	Bring your mining gear and dancing shoes. We'll party till Therin kicks us out!
18240	Community Event: Snowhill Playground Party
18241	Join us at the Snowhill playground for a party... as long as you aren’t afraid of heights! SERVER 1
18569	Birthday Party in Snowhill
18577	There’s a new location every hour! Party in Snowhill. Look for the Community Team playing hide and seek nearby!
18622	Defeat the yeti boss in Snowy Canyon, north of Snowhill.
18623	Return to Milo in Snowhill
18645	Give the water to Carrie at the Snowhill Hot Springs
19193	Return to Lealin at the hot springs
19344	Screamin' Steven
19358	Lily Leadfoot
19359	Zoomer Rex
19361	Layla Octane
19362	Mai Redline
19363	Jet Swiftpass
19364	Connor Rush
19365	Tucker Thunderjolt
19366	Willow Slamdash
19367	Mikko Ragerunner
19368	Jet Madedge
19370	Nina the Wrecker
19371	Carly Collision
19613	Return to Wintara with any news about Rocko.
19962	Snowhill Birthday T-Shirt
20528	Umari's tribe now owns these cavern springs!
20718	Give the pelt to Lealin at the Snowhill Hot Springs
20830	Snowhill Warpstone
21092	[*pet*] is howling at Bruce's music!
21098	Michi
21177	The new leader of the Ice Trolls has stirred them up into a frenzy. Defeat him and return to Patterwings in Snowhill.
21186	Sunflower wants you to deliver a letter to his brother, Cinn in Snowhill. With all the trouble going on in the bixie fields, Sunflower wants to let Cinn know that he is okay.
21190	Deliver a letter to Cinn in Snowhill.
21193	Hello. Could you please deliver this letter to my brother, Cinn in Snowhill? He must be worried sick about me with all the trouble that is going on with the bixies. This letter will let him know that I am ok.
21194	NOT LIVE - Cinn's Request
21195	Cinn wants you to deliver a letter to Greenthumb at the Pixie Nursery. The letter contains details on some new farming methods that Greenthumb may find interesting.
21196	Cinn's Request
21212	Thank goodness you are here. I am starting to cast a film I am directing and I was hoping to hire some top notch actors. Could you please deliver this letter to Snowi, the Talent Scout in Snowhill?
21214	Deliver a letter to Snowi, the Talent Scout in Snowhill.
21215	Deliver a letter to Snowi in Snowhill.
21218	Barton is starting production on his new film and needs some actors. Deliver a letter to Snowi, the Talent Scout in Snowhill.
21225	NOT LIVE - Carrie's Request
21226	Carrie wrote a fan letter to her favorite singer, Glitter and wants you to deliver it to her in Sanctuary.
21229	Been to Snowhill lately? Too cold for me, that's why I came to Sanctuary. I miss my friend, Smitty though. Can you deliver this letter to him please?
21231	Steelbloom misses his friend, Smitty in Snowhill and wants you to deliver a letter to him.
21232	Deliver a letter to Smitty in Snowhill.
21235	NOT LIVE - Therin's Request
21236	Therin wants you to deliver a letter to Rocken in Sanctuary. It appears to be important, so don't open the letter and look at it!
21849	Annabelle
21850	That crazy husband of mine! Ever since that ninja Michi came to town, he thinks he is a ninja too! I was cooking dinner when he threw a smokebomb at my feet and disappeared. I am tired of his antics. He's not a ninja, he's a simple carpenter.
21851	He even changed his name from Chuck to Nenjai. Can you please go find him before his dinner gets cold? I hate eating dinner by myself. He should be somewhere in Snowhill.
21854	Annabelle's husband thinks he is a ninja. He has now hidden somewhere in Snowhill and his dinner is getting cold. Find him within the time limit!
21859	Wow, a real ninja! That's what it takes to catch me. I am very stealthy you know. Annabelle wants me to come home for dinner? Darn. Ok. I just hope we aren't having carrot stew again. I hate carrots!
21862	Annabelle thinks he must be up in the hills near Snowhill.
21966	NOT LIVE - Postal Carrier Foot Race
22215	Return to Michi.
22376	Someone has been sneaking important letters out the back of the Snowhill Post Office.
22435	Drill Sergeant Dewey
22436	Brody Sparfist
22443	Bertie
22446	Drill Sergeant Dewey has some work for you now that you have become a warrior. Go talk to him. Dewey is behing the barracks in Sanctuary.
22451	Talk to Drill Sergeant Dewey.
22452	Drill Sergeant Dewey can be found at the barracks in Sanctuary.
22460	Now that you're a warrior, you must start your training. Talk to Drill Sergeant Dewey. He can be found behind these barracks.
22468	Drill Sergeant Dewey wants to hear your best battle cry. Show him what you've got!
22483	Show Drill Sergeant Dewey your battle cry
22525	Drill Sergeant Dewey in Snowhill wants to hear your best battle cry. Show him what you've got!
22560	Drill Sergeant Dewey wants to test your fitness. Touch all six of the target dummies within the time limit!
22579	Morninglory wants you to learn more about using your weapon. Find Steele at the Snowhill warrior barracks to continue your training.
22582	Report to Steele
22747	Morninglory would like for you to meet some other warriors and see if they have any tasks for you. Visit Gorg in Briarwood, Bertie near Sanctuary, and Brody Sparfist in Snowhill.
22752	Visit Bertie at the west-most bixie field near Sanctuary and talk to him.
22754	Visit Brody Sparfist near the mines in Snowhill and talk to him. 
22771	There have been some complaints in Snowhill regarding bats flying out of the mines. Brody Sparfist would like for you to clear out some of these bats from the Bat Caves.
22777	There have been some complaints about bats flying out of the mines at night and terrorizing the citizens of Snowhill. Think you could go into the Bat Cave and clear out some of the bats?
22783	Bertie has informed you of the attack on her hive and needs you to rush to General Glowlight so he can send reinforcements to help.
22789	Oh my! Bertie's hive is under attack you say? This is horrible. I will muster up some help as fast as I can. Thank you for letting me know.
22804	Sampson Idlefist
22808	Jeni Shortfuse
22828	Sampson Stonefist might not look like much, but he claims to pack quite a punch, which is why so many gullible people were willing to pay for his shoddy protection!  There have been a lot of clients who haven't paid their dues, and Sampson would like you to go collect his earnings.
22847	Return to Sampson Stonefist and talk to him.
22854	Sampson wants his money? I hired him to keep an eye on my bait, but he fell asleep and some Thugawugs stole it all! I don't even have his money. Some Thugawugs stole it the other day.
22855	My crates of wool kept getting stolen, so I hired Sampson to help protect them. When the Thugawugs came to steal more wool, Sampson ran away! He is a worthless bodyguard. Even if I wanted to pay him, some Thugawugs robbed me last night, so I am completely broke.
22856	I hired Sampson because some of my tour guides have been going missing. He never even showed up and now he demands payment? Well you can tell him I don't have any money. Some chugawug bandits stole every coin I had!
22861	Sampson wants you to head into the Bandit Hideout southwest of Sanctuary and collect some coin purses from the bandits there. He'd go do it himself, but he has more important things to do - it's not that he's scared... really.
22930	Brawlers use a large supply of stones in battle, so they cannot afford to be too picky when it comes to collecting stones. Jeni Shortfuse has asked you to collect ten stones from the surrounding area and return them to her.
22932	Talk to Jeni Shortfuse.
22933	Jeni Shortfuse can be found near Sanctuary at the Queensfields.
22934	Collect 10 stones for Jeni Shortfuse.
22936	Return to Jeni Shortfuse and speak with her.
22968	Valleyview Point can be found on the mountain peaks surrounding Snowhill.
22969	Wuthering Heights can be found on the mountain peaks surrounding Snowhill.
22970	Widowmaker Point can be found on the mountain peaks surrounding Snowhill.
22972	Ivory Crest can be found on the mountain peaks surrounding Snowhill.
23172	The Bat Caves have proven to be a problematic mining spot. While attempting to extract ore, some dwarven miners were attacked by bats. The miners ran away and left their tools behind. Three terrified miners haven't reported in to Buren and are trapped in the cave. Go to the Bat Caves and rescue them!
23174	The Bat Caves have proven to be a problematic mining spot. While attempting to extract ore, some dwarven miners were attacked by bats. The miners ran away and left their tools behind. Three of the miners haven't reported in to Buren and must be trapped in the cave. Go to the Bat Caves and rescue them!
23177	I have been informed by Buren, that some of the miners that were fleeing from the bats in the Bat Caves have not returned. Can you go and rescue them? I just hope we are not too late.
23184	Click on all the target dummies in order to complete the race! To start, click on the flag next to Drill Sergeant Dewey.
23218	Therin in the Singing Crystal Mines wants you to use the mining practice tools to his left. Return to him if you can complete the minigame.
23220	Find a copper node near Therin and mine one copper ore! Be sure to read the tutorial after you click on the node!
23221	Return one copper ore to Therin.
23305	Snowhill Ice Cream: Vanilla
23306	Snowhill Ice Cream: Chocolate
23343	Return the ore to Therin.
23359	Singing Crystal Mines is likely one of the busiest mines around. The miners' tools get dull with so much work being done and dull tools means production slows down. Trixi placed an order with Smitty the Blacksmith earlier in the week, but needs the tools
23360	Where are those tools? I wish Smitty would hurry up! Therin is breathing down my neck because the miners need new tools and production is slowing down. Think you could go ask Smitty in Snowhill if he can rush that order of new tools?
23362	Talk to Smitty
23363	See if Smitty can rush Trixi's order. He can be found in Snowhill.
23507	Even though the people Sampson was paid to protect say he never did the job, the boasting Brawler still thinks he's the toughest fighter out there. Beat the Bandit Champion, Muggenstomp in the Bandit Hideout to prove that you're tougher than Sampson.
23512	Smitty has been a bit backed up with his orders. He has too many items to craft, and not enough ore. He'd be willing to rush Trixi's order if you can help him collect some more ore.
23515	If I had more copper ore, I could perhaps rush Trixi's order, but I don't have any time to go and mine it. If you could mine the ore, then I could finish her order within the day.
23525	Singing Crystal Mines isn't the only place overflowing with ore. Therin frequently deploys miners to scout out locations that might be rich with metal. Explore the area, southwest, near the Pixie Nursery and survey the land for a good spot to mine tin, and make sure to mark the area on your map. Return to Therin when you are done.
23539	Therin sent you to meet me? That was nice of him. I am Pinkelug and it is nice to meet you. Stop by again and chat with me sometime!
23571	Travel to the most south western region of Sacred Grove and find a good spot to mine iron, mark it on your map, and then return to Therin with a sample of at least ten iron ore.
23608	Sorin has heard reports of brilliant sparkling coming off of the iron clusters southeast of the Robgoblin Camp. It could be something special, or just a pile of glittering junk. Likely the latter, but he wants you check it out just in case. Scour the wilderness surrounding the Robgoblin Camp and return with an onyx sample.
23615	Sorin is disappointed to find out that the onyx gems are fairly common. Although their quality is good, they're not rare enough to fetch a good price. Luckily, Ruby the jeweler is in need of onyx. Mine 15 onyx and then take the gems to Ruby in Sanctuary.
23643	Snowi has been extra busy in Snowhill trying to find the next rising star before her sister, Sandi in Seaside does. It takes more than just a great voice to be a rockstar - you have to flaunt your wealth too. The best way for them to do that is to have a rediculous amount of gold chains dangling off their neck.
23663	Sorin is interested in anything that sparkles and shines. He is eager to study all the rare rocks that can be found in the world. When you've collected a malachite, garnet, amethyst, ruby, and fire agate, return them to Sorin.
23680	Hot Spring Caverns - Umari Ice Nova
23764	Welcome to the Sanctuary barracks. I am Drill Sergeant Dewey, the warrior trainer. Have you come to learn how to be a warrior?
23780	I know that Loryn, the postmaster for Snowhill, could really use a hand. Go find him at the Snowhill Post Office and give him some help.
23781	NOT LIVE - Help Loryn
23782	Loryn, the Postmaster for Snowhill, is overwhelmed. He needs your help!
23783	Find Loryn in Snowhill and talk to him.
23785	Loryn, the Postmaster for Snowhill, is overwhelmed and needs your help. Find him in Snowhill and see how you can lend a hand!
23788	Lucca De'Flor
23805	There's so much mail building up in Snowhill. Help Loryn with the avalanche of mail!
23815	Complete the Avalanche of Mail challenge given at the mail boxes near Loryn.
23817	The Snowhill Postmen are so behind on their work that mail is literally overflowing from their office and getting blown all around town. Help them get back on track by picking up and delivering some mail.
23872	Talk to Loryn and let him know you succeeded with this challenge.
23894	NOT LIVE - Snowhill Mail Sorting
23895	Beat this challenge to get the Snowhill Mail Room back on track by clicking on the mail boxes near Loryn!
23898	Launch the mail sorting game by clicking on the mailboxes near Loryn. Succesfully complete the game once. (Placeholder objective - just click the postboxes in the mean time)
23900	Beat the Snowhill Mail Sorting minigame to help get the Post Office organized.
23912	Snowhill Bushel
23914	Postman Rudolfo is assembling the fastest competitors in the Realm to compete in his Foot Race. Go Find him at the start of the race just south of Snowhill.
23919	Rich Snowhill Bushel
23923	Find Rudolfo just south of Snowhill and answer his challenge to the ultimate footrace.
24280	Line cook, Lucca De'Flor has been known to eat all sorts of strange foods. Challenge him to eat a Slugmud Surprise.
24281	Talk to Lucca De'Flor and challenge him to eat a Slugmud Surprise.
24282	Lucca can be found in Snowhill.
24283	You're not bad at making Slugmud Surprise. Now take it to Lucca De'flor in Snowhill and challenge him to eat it. I bet he will chicken out!
24302	Cleaning up after Sampson Stonefist is no easy job, but [*player*] managed to do it. Sampson claims to offer protection from bandits, then gets upset when his clients can't pay him because they got robbed!
24304	Sampson Stonefist can't say he's the best Brawler around anymore. #Cap([*player*]) rose to the challenge and took out enough bandits to claim the title from Sampson!
24314	Lucca De'Flor in Snowhill wants you to try your skills at making some fried foods. Cook up some Fried Starnut Stick and Spicy Vegetable Stirfry for him.
24320	Lucca is impressed that you beat him in the cooking contest, and a bit nauseous at having to eat the Slugmud Surprise. He would like to offer you a job catering lunch to the important people of Snowhill. Create 3 Sizzling Snowberry Sautes.
24323	Ugh. I can't believe you beat me at the cooking contest. That Slugmud Surprise was pretty bad. I am impressed that you beat me though. Would you like a job helping me to cook for some of the more important citizens of Snowhill?
24344	Deliver a Sizzling Snowberry Saute to Ryn at the hot springs in Snowhill, Mayor Crystalline in front of the Clocktower, Loryn at the Post Office, and Frostpetal at the front gates. Everyone can be found in Snowhill.
24348	I need you to deliver these Sizzling Snowberry Souffles to some residents of Snowhill. Now don't be late. If they are cold when you deliver them, your reputation as a chef could be ruined. Touch the basket to my left to start.
24375	Sometimes it's important to know when you are outnumbered. #Cap([*player*]) listened to Bertie and went and got help, rather than rushing in and getting knocked out by overwhelming numbers.
24378	Hoo-rah! Things are starting off on the right foot for [*player*], #he([*player*]) gave Drill Sergeant Dewey a battle cry to remember!
24383	All that marching during training paid off for [*player*], since #he([*player*]) made it to all the distant guardsmen that Morninglory sent #him([*player*]) to visit without even breaking a sweat.
24444	Merri can be found to the southeast of Snowhill in Lakeshore Fishing Village.
24567	You defeated the trolls' leader? I bet he was a big nasty, brute. You are a hero, my friend. I am not sure I want to go home though. I kind of like it here with Michi. You have my eternal gratitude however.
24773	Poor Ernie. He seems to be having trouble delivering the mail. He comes back with dog bites and bits of torn letters. Can you <font color='#D9781A'>help him</font> get the job done? <font color='#D9781A'>Click</font> the <font color='#D9781A'>mail boxes to start</font> the challenge.
24776	<font color='#D9781A'>Postman Rudolfo</font> is assembling the fastest competitors in the Realm to compete in his Foot Race. Go <font color='#D9781A'>find him at the start of the race just south of Snowhill</font>.
24825	Welcome to Snowhill! You picked a busy time to visit!<BR><BR>You should go <font color='#D9781A'>meet Mayor Crystalline</font>, near the town hall.
24865	No other warrior has wielded a weapon quite the way Fastvi Frostflutter once did. Some still believe his spirit guards our snowy village.<BR><BR>But that's a story for another time. Right now, you need to <font color='#D9781A'>report to Steele</font> for weapon training. He should be at the <font color='#D9781A'>barracks to the southeast</font>.
24984	There have been some complaints about bats flying out of the mines at night and terrorizing the citizens of Snowhill. Do you think you could go into the Bat Cave and clear out some of the bats?
24985	I have been informed by Buren that some of the miners that were fleeing from the bats in the Bat Caves have not returned. Can you go and rescue them? I just hope we are not too late.
25004	Ugh, I can't believe you beat me at the cooking contest! That Slugmud Surprise was pretty bad. I'm impressed that you won, though. Would you like a job helping me cook for some of the more important citizens of Snowhill?
25005	I need you to <font color='#D9781A'>deliver</font> these <font color='#D9781A'>Sizzling Snowberry Souffles</font> to some residents of Snowhill. Now don't be late! If they are cold, your reputation as a chef could be ruined. <BR><BR><font color='#D9781A'>Gather</font> the <font color='#D9781A'>food</fotn> from the <font color='#D9781A'>basket behind me</font> to start.
26345	Snowhill Lodge
26347	Snowhill Lodge Bed
26349	Snowhill Lodge Chair
26351	Snowhill Lodge Dining Table
26353	Snowhill Lodge Couch
26355	Snowhill Lodge Moose Head
26357	Snowhill Lodge Rug
26433	Snowhill Sky Wallpaper
28258	Snowhill Lodge Special!
28259	For a limited time only, save 40% on a Snowhill Lodge. Priority 175. Bundle Sale.
29164	Snowhill Explorer's Backpack
29402	Snowhill Explorer's Midriff Shirt
29884	{n}Snowhill Explorer's Boots{pl="Snowhill Explorer's Boots"}
30064	{n}Snowhill Explorer's Gloves{pl="Snowhill Explorer's Gloves"}
30273	Snowhill Explorer's Hat
30604	{n}Snowhill Explorer's Pants{pl="Snowhill Explorer's Pants"}
30715	Snowhill Snow Globe
30723	Shake this to make it snow in Snowhill!
31010	Snowhill Explorer's Shirt
31298	It's an Ice Fishing party in the mountains of Snowhill! SERVER 1
31299	Snow Day: Snowhill Party
31300	Gather around the Gifting Tree in Snowhill and party! SERVER 1
31314	New Years Eve in Snowhill
31315	It's midnight somewhere every hour! Party in Snowhill like it's 2010! SERVER 1
31336	Snowhill Mail Sorting
31341	Play Snowhill Soccer for bonus rewards!
31491	It's the first party of 2011! Meet at the Snowhill stage to kick off the New Year in style! SERVER 1
35578	Find Loryn
35625	Good to see you. I need your help. The Queen of Sanctuary is throwing a big party and I need to find out what some of the guests want to eat. Can you please visit Glitter, Mayor Crystalline, General Glowbright, and Pappy Farnum and find out what they want me to cook for them?
35627	Bordon wants to create a unique dish for the Queen's party and needs your help. Talk to Glitter, Pappy Farnum, Mayor Crystalline, and General Glowlight to see what they want to eat.
35632	Talk to Mayor Crystalline.
35633	Mayor Crystalline is the mayor of Snowhill and can be found there, near the town hall.
35666	Return to Morninglory with the supplies.
35670	Return to Sampson and talk to him.
35673	Sampson Stonefist can be found in Sanctuary.
35736	Therin is impressed with your growing skills and wants you to visit Steelbloom the smith in Sanctuary.
35788	While you look sturdy enough to wield a mining pickaxe, you don't have to take on that trade to further your smithing skills. Ore can be obtained from merchants as well as other adventurers. Visit Therin in Snowhill and pick up ten smelted copper bars for Smitty.
35789	Pick up ten smelted copper bars from Therin.
35790	Therin can be found in the Singing Crystal Mines in Snowhill.
35791	I am not a miner but I don't have any problems with obtaining ore. I get most of mine from Therin in Singing Crystal Mines. In fact I need some more ore at this very moment. Can you visit Therin and pick some up for me?
35792	Return the smelted bars to Smitty.
35794	Yeah, I do have some bars of ore for Smitty. He already paid, so go ahead and take them to him. 
35801	Trixi recently canceled a huge order for some new pickaxes to be forged and I just can't understand why. You would think she would need some more to give out to the miners that lost theirs when they darted out of the Bat Caves recently. Can you go talk to her and figure out what is going on?
35802	Talk to Trixi and see why she canceled her order with Smitty for new pickaxes.
35803	Trixi can be found in Singing Crystal Mines in Snowhill.
35804	Yeah I canceled my rush order with Smitty. I decided that mining tools won't get rid of the bat problems in the Bat Caves, but warriors will. Tell him I am sorry.
35805	Return to Smitty and let him know why Trixi canceled her order.
35806	Smitty can be found in Snowhill
35810	I just could not spare the money to get new mining tools forged when I know that the miners are still scared of the monstrous bats in the Bat Caves. That is why I hired a warrior named Brody Sparfist to take care of the bats. He will need a weapon though. Could you forge a warrior copper axe and take it to him? He should be right outside the mine, near the entrance.
35812	Trixi decided that she needed to hire someone to take care of the problems in the Bat Caves instead of getting new mining tools forged, so she hired a warrior named Brody Sparfist. Trixi wants you to make a warrior copper axe and deliver it to him.
35815	Deliver the newly forged axe to Brody Sparfist.
35816	Brody can be found near the entrance to the Singing Crystal Mines in Snowhill.
35822	Go to 3 Snowdrip Ln, in Snowhill and see if you can find out anything about this robbery.
35828	Annabelle found some weapons her husband had hidden in their house. She doesn't want him to have weapons however and asks you to take the weapons back to their owners. Whoever that is...
35829	Maybe Brody's axe is among these weapons Annabelle gave you. Go talk to him.
35851	Brody claims none of the weapons you found are his, but one of them looks like something a ninja would wield. The only ninja in town is Michi. You should go pay her a visit and see if it belongs to her.
35852	As I said, the only ninja I know of in Snowhill is a lass named, Michi. She just came to town. Perhaps one of those weapons is hers. You should go talk to her. She is usually up the hill to the west above 1 Hot Springs Drive.
35857	Michi claims she would never wield a ninja weapon made so poorly. She asks you to try forging a ninja weapon and will judge how well you did.
35858	Talk to Michi and see if the ninja weapon belongs to her.
35859	Michi can be found in Snowhill in the mountains above 1 Hot Springs Dr.
35863	Return the forged ninja weapon to Michi.
35866	Business is picking up for Smitty at a bothersome rate. Worst yet, Smitty's right-hand man, Norvin decided to take a vacation to Lakeshore. Smitty asks you to take a list of outstanding orders to Norvin to fufill.
35867	You look like a reliable smith. I could really use your help. Business is booming with all the mining going on in Snowhill and I am having a hard time keeping up with orders. To top it all off, my assistant, Norvin decided to take a vacation. Could you go find him in Lakeshore and give him this list of orders to complete?
35869	Norvin can be found vacationing in Lakeshore to the southeast of Snowhill.
35876	I hate to leave Smitty hanging with all that work, but I am so tired of working. Here, I don't have to forge. I can just make silly trinkets and sell them to the tourists. Even if I wanted to do those orders for Smitty, I can't. I threw away all my recipies when I arrived in Lakeshore. If you can <font color='#D9781A'>find my recipes</font>, I guess I will do the workorders though.
35920	I have another task that Smitty gave me that I don't want to do right now. Can you head to the southeast into <font color='#D9781A'>Briarwood</font> and go past the hedge maze to see if anyone could <font color='#D9781A'>use the skills of a smith</font>? I really appreciate your help. I am trying very hard to enjoy my vacation.
35922	Norvin has asked you to travel to Briarwood and venture through the hedge maze to search for new potential customers for Smitty.
35923	Find a new customer for Smitty in Briarwood
35924	Head to Briarwood and beyond the hedge maze to see if you can find a new customer for Smitty.
36029	Oh my gosh! Bruce is sooo dreamy.
36030	Bruce, we love you!
36032	You know I taught Bruce everything he knows.
36035	Sheesh, fine! I guess I'll just go tell some other people all about how I taught Bruce everything he knows...
36036	Hmm, that Bruce is kind of handsome...
36043	Oh don't be upset. You're much better looking than Bruce!
36090	Perhaps Michi in Snowhill would give you her sword.
36580	Hey, you're back. I managed to fill up that big bag you brought me with more ore. Think ya could take it to Therin in Snowhill? He is in the Singing Crystal Mines. If ya be interested, he can teach ya a thing or two about mining.
36582	Throck has already filled up the big bag of holding with more ore and has asked you to take the bag to Therin in Snowhill at the Singing Crystal Mines. While you are there, Therin can also teach you about mining if you are interested.
36583	Deliver the full bag of ore to Therin.
36584	Therin can be found in Snowhill at the Singing Crystal Mines.
36689	Unless you have Bertha as your masseuse... she has hands like a yeti!
36701	...And we were ordered to ensure that Bruce's greenroom is well-stocked and green!
36703	I would trade my Cadie Couture shiny red handbag for a chance to meet Bruce!
36705	When Bruce sang &quot;You're My Diamond,&quot; he was staring right in to my eyes!
36710	Loryn has asked you to deliver a package to one Private Driple. The address is not legible however, so you will need to do some searching on your own.
36721	Here we go again. Bruce is demanding more items for his dressing room. I can't go get them and guard the stage too!<BR><BR>Say... can you <font color='#D9781A'>collect the items</font> for me? You've always wanted a job in rock-n-roll, right? Here's your chance!
36723	Bruce, the rockstar in Snowhill, has a strange list of demands for his dressing room. Flynn has asked you to collect the items for Bruce.
36730	A baby penguin could probably be found wandering around Snowhill. Bruce likes penguins that are extra fluffy.
36732	Carrie at the hot springs refreshment stand might have some hot chocolate.
36734	Lucca De'Flor in Snowhill probably has some Snowberry Souffle.
36735	Return to Flynn at the Snowhill stage
36738	Boy that Bruce sure drinks a lot of hot chocolate. I guess he does need to keep his vocal cords warm to sing so loud. He is so dreamy. The hot chocolate is on the house!
36739	You need a Snowberry Souffle? Well I do happen to have one left. It's for Bruce? You can go ahead and have it for free. Maybe you can get me his autograph someday in return.
36807	Marcie
36808	Clara Chatterhag
36809	I don't know what's worse, that terrible music or the screaming kids!<BR><BR><font color='#D9781A'>Tell Flynn</font> to <font color='#D9781A'>turn down</font> the <font color='#D9781A'>volume</font>, or I'll complain to the Mayor!
36811	All that noise Bruce is making is disturbing the peaceful town of Snowhill. Talk to Flynn about Bruce's noise level.
36816	Speak to Flynn
36818	What's that? I can't hear you over the loud music. You say that the volume of Bruce's concert is too loud and Clara Chatterhag is going to complain to the mayor? Well, we have permission to perform here. At least I think we do.
36825	I'm building up the courage to go talk to Carrie. She's so pretty, but I bet she wouldn't give me the time of day.
36827	Willie
36829	Maybe one of the penguin mailmen dropped our permit or delivered it to the wrong address!<BR><BR><font color='#D9781A'>Look around Snowhill</font> and <font color=''#D9781A''>find</font> the <font color='#D9781A'>permit</font> before we have to close the show!
36831	Flynn swears he has permission to put on a concert in Snowhill. He hasn't received the permit in the mail yet however. Search around Snowhill for the permit. Perhaps one of the penguin mailmen delivered it to the wrong address or dropped it while making their rounds.
36839	Can you keep a secret? I totally have a crush on <font color='#D9781A'>Carrie</font>, at the <font color='#D9781A'>Hot Springs</font>.<BR><BR>I heard girls like <font color='#D9781A'>poems</font>, so I wrote one for her. I'm too nervous to give it to her.<BR><BR>Can you <font color='#D9781A'>deliver</font> it for me? Please?
36841	Willie hopes that penning a poem will win Carrie's affection.  He's too shy to recite it himself, and wants you speak the words for him.<BR><BR>&quot;An Ode to Carrie&quot;<BR><BR>Carrie, Carrie, pretty and tall<BR>You're the greatest of them all<BR>Your eyes are the color of moldy bread<BR>Your skin is fairer than the dead<BR>Your perfect smile is blinding bright<BR>Your voice could put me to sleep at night<BR>Your hair resembles yeti snow<BR>Oh how I'd love to be your beau!
36842	Read the poem to Carrie
36843	Carrie can be found at the refreshment stand.
36851	Unfortunately for Willie, Carrie didn't exactly swoon after she heard the poem he wrote for her. Willie has decided that the way to win a girl's heart is to give her presents. He doesn't have much money though, so he has asked you to go to his home and gather a few things to give to her.
36853	Snowhill Neighbor
36856	Willie lives in Snowhill at 3 Icecrest Ct.
36857	Give the present to Carrie at the hot springs
36861	Mom! You have to let me go to Bruce's concert. This is a once in a lifetime opportunity! I never get to do anything!
36863	How do I even explain to you how absolutely sick Bruce is?
36866	Willie's Crate
36872	How about flowers?<BR><BR>Will you <font color='#D9781A'>get Carrie</font> some <font color='#D9781A'>flowers</font> from the <font color='#D9781A'>Pixie Nursery</font>?
36873	Woe is Willie
36874	So far none of Willie's plans have won Carrie's heart. He has one last idea: maybe Carrie would like some flowers. Willie has asked you to visit the Pixie Nursery and get a bouquet of flowers for Carrie.
36877	The Pixie Nursery can be found to the west of Snowhill.
36878	Give the flowers to Carrie at the Snowhill hot springs
36880	Flowers from my secret admirer? How sweet! What is his name? Willie? Maybe I will give him a chance. He will need to make sure not to write any more poetry though.
36923	Scarlet Shadeveil
36927	Snowhill Secret Society
36928	Snowhill has a secret society made up of prominent people from the community. Together, they help plan fun events for the town. You can ask some of the members how you can join, but you'll have to find out who they are first.
36932	 Clue: She is the first face you see when you enter Snowhill.
36939	Return to Scarlet Shadeveil 
36940	Scarlet can be found near the clocktower in Snowhill.
36941	You found me! Now you need to find member #2.<BR><BR>Here is a clue. She is the first face you see when you enter Snowhill.
36942	I am indeed the first one you will see when you enter Snowhill. Ready to find member #3?<BR><BR>Here is a clue. Edges never stay dull for long with this guy. Good luck!
36944	Congratulations. I am indeed the last member of the Secret Snowhill Society.<BR><BR>If you want to join, talk to Scarlet and let her know you found all four of us. Toodles!
37025	You're the luckiest dog in Snowhill, eating scraps of Snowberry Saute!
37049	Find a blue squirrel in Snowhill
37050	A blue squirrel can be found in Snowhill.
37069	Just great! We came here for a picnic, but forgot the food! What are we going to do now?<BR><BR>Hey, I'll pay you if you can help us get something to eat.<BR><BR>Savory and sweet... hmm, I know! A loaf of <font color='#D9781A'>Lucca De'Flor's sweet bread</font> and some <font color='#D9781A'>honey</font> from <font color='#D9781A'>Sanctuary</font> to go with it. What do you say?
37074	Obtain sweet bread from Lucca De'Flor in Snowhill
37075	Lucca De'Flor in Snowhill sells the best sweet bread around.
37176	Food for Sampson Stonefist
37217	Deliver a letter to Morninglory in Sanctuary.
37253	Have you delivered those chain letters yet? I don't want you to get bad luck too. Why don't you deliver one to Jacque, Jestin, Flora, Ruby, Speedy, Morninglory, Flitter, Nirvi, Belladonna, and Dr. Gordon. They can all be found in Sanctuary.
37306	Morgulg
37393	Ha! You missed! Old and shaky Silversnow has better aim than both of you!
37552	Senari's colleague (and some would say competition) has uncovered some ancient artifacts in Briarwood. He has not returned to Senari to share the wealth however. Senari has asked you to travel to Briarwood and catch a glimpse of what he has found.
37555	Return to Senari in Snowhill
37557	Senari sent you to examine the artifacts? She is so impatient. I am still trying to uncover all of them without destroying anything. Return to her and tell her to hold her horses!
37583	Return to Murphy at the Snowhill Hot Springs
37588	Return to Wintara outside of Frostfang Caverns
37686	Return to Morninglory
37689	Return to Brody Sparfist.
37691	Great job clearing out those bats. Hopefully they won't bother the citizens of Snowhill any longer. Take this. I think you've earned it.
37888	The elves fled north after raising a magic crystal barrier, that is still standing near Snowhill. Although some dwarves and humans have returned to Sacred Grove, no elves have been seen in many, many years. 
37936	Kart racing in Snowhill!
37945	Snowhill Soccer
37948	Soccer in Snowhill!
38092	Garrison Gold
38398	Pengy has asked you to bring him candied fishes from the ice skating pond in Snowhill.
38403	I was supposed to get a package from my mom, but it never came! Can you please ask Ernie about it? I think she is sending me candied fishes! My favorite!
38413	Pengy has asked that you speak with Ernie about his missing mail, and ask that in the future Ernie put his mail in a safe place.<BR><BR>Will you help Ernie?
38414	NOT LIVE - A Request of Ernie
38415	Pengy has asked you to check in with Ernie about his missing mail.
38419	A Request of Ernie
38420	Pengy has asked me to speak with Ernie about his missing mail.
38421	 Speak with Ernie
38422	I need to speak with postman Ernie in Snowhill.
38423	Ernie2
38424	Snowhill Postman
38471	Although my mind is as sharp as ever, my body is a bit too brittle to be doing much brawling. Jeni Shortfuse on the other hand is the best Brawler out there. You may want to pay her a visit and see if she will train you to become a better fighter. <BR><BR
38618	Have you asked Ernie about my package yet?
38621	 Return to Pengy and let him know Ernie will deliver his package.
38808	Smelting Fire Snowhill
38891	Snowhill Leaves
38892	These Snowhill leaves fell from the trees, to catch a ride with the breeze.
39584	You should go talk to Jeni Shortfuse if you want more training. I believe she can be found just south of Sanctuary at the Queensfields.
39605	Now that I helped you out with your Brawler training, I think it's time you did a favor for me. It is Sampson Idlefist's fault I am on guard duty here. He calls himself a fighter, but he is really nothing more than a big bully - intimidating people into t
39607	Jeni has asked you to gain Sampson Idlefist's trust so that you can help her expose him as a big bully.
39615	Find Sampson Idlefist and speak with him.
39617	Gain Sampson's trust by collecting his money from Bluerose.
39619	Gain Sampson's trust by collecting his money from Hartley Harrison.
39621	Gain Sampson's trust by collecting his money from Tori.
39623	Return to Sampson Idlefist and speak with him.
39626	Gain Sampson Idlefist's trust so we can expose him as being a big fraud and bully. He can be found in Sanctuary.
39628	Come to train with the famous Sampson Idlefist, eh? Well I don't quite trust you. Perhaps if you can do a favor for me, I will take you under my wing. You see, some clients of mine owe me some money. I want you to collect it for me.
39712	Sampson wants his money and has asked you to steal Jeni Shortfuse's prized hammer so he can sell it.
39716	Steal Jeni Shortfuse's hammer.
39718	I thought I told you to steal Jeni Shortfuse's hammer. She is not the only one with a short fuse. Now go and get her hammer before I get really angry!
39812	Edward
39821	Jeni wants you to enter the Bandit Hideout and collect the money that the bandits stole from Sampson's Clients.
39826	I will make sure that the money you obtained from the bandits will be returned to those who lost it. Now with that task taken care of, I think it's time we paid Sampson a little visit and expose him for the bully and fraud he really is. <BR><BR>Go to him in Sanctuary and let him know the gig is up and then return to me when you are done.
39828	Jeni wants you to talk to Sampson Idlefist in Sanctuary and expose him for the fraud he really is.
39833	Talk to Sampson Idlefist and expose him for the fraud he really is.
39835	Return to Jeni Shortfuse in Snowhill
39837	What are you still doing here? Please go to Sanctuary and expose Sampson for the fraud he really is.
39865	While Sampson Idlefist won't be slumming around the streets of Sanctuary any longer, his threat to wreak havoc on the people of Sacred Grove isn't one to be taken lightly. He has to be stopped once and for all. <BR><BR>Find Sampson and his thugs in the Trail of Betrayal on the eastern edge of Nettleseed and defeat them.  Come speak with me when you have finished. Good luck!
39866	So Long Sampson!
39867	Jeni has asked you to travel to the Trail of Betrayal and defeat Sampson and his thug bodyguards.
39911	Defeat Sampson.
39912	Defeat Sampson in the Trail of Betrayal.
40558	Why haven't you fought Sampson Idlefist yet? He is at the Trail of Betrayal. All of Sacred Grove is depending on you to end this threat.
40586	Snowhill Doll Cap
40587	Snowhill Doll Jacket
40588	Snowhill Doll Shirt
40589	Snowhill Doll Pants
40590	Snowhill Doll Gear
40591	Snowhill Doll Gloves
40592	{n}Snowhill Doll Shoes{pl="Snowhill Doll Shoes"}
40593	{n}Snowhill Doll Boots{pl="Snowhill Doll Boots"}
40641	Snowhill Doll Shorts
41143	Toxic Snowhill Water Sample
41144	Clean Snowhill Water Sample
41145	Purified Snowhill Water Sample
41146	Dirty Snowhill Water Sample
41147	Boiling Snowhill Water Sample
41148	Freezing Snowhill Water Sample
41149	Magical Snowhill Water Sample
41150	Mystical Snowhill Water Sample
41516	Many enlist but not everyone is cut out to be a warrior. Who knows, with enough training and endurance, perhaps you can become the next Fastvi Frostflutter! Visit Drill Sergeant Dewey to begin your training, warrior! Good luck!
41535	Return to Drill Sergeant Dewey and speak with him.
41556	Did you already forget your assignment? You need to <font color='#D9781A'>report to Steele</font> at the <font color='#D9781A'>barracks</font> for weapon training. Now get going!
41557	Joelle
41559	You aren't here for weapon training are you? Ugh, I was just about to head inside for some more hot tea...<BR><BR>Fine, if Morninglory sent you I guess I have to give you some training. Why don't you get started with that <font color='#D9781A'>practice dummy</font>. <font color='#D9781A'>Return to me when you finish</font>.
41641	Are you up for a trip to Snowhill? I need an ambassador to let all of the fine folks there know what fun they could have here in Merry Vale!<BR><BR>I need you to <font color='#D9781A'>deliver personal messages</font> to the following people: <font color='#D9781A'>Kiel</font>, <font color='#D9781A'>Clara Chatterhag</font>, and <font color='#D9781A'>Smitty</font>.
41642	NOT LIVE - Ambassador to Snowhill
41643	Luella has asked you to travel to Snowhill and speak with its residents about visiting Merry Vale.
41645	You've spoken to everyone? Very good! It sounds as if Kiel will come, Clara might come, and Smitty is too busy? Well, hopefully Smitty will reconsider! He's missing out on so much fun!
41659	Ambassador to Snowhill
41660	Travel to Snowhill to speak with its residents about visiting Merry Vale.
41661	Speak with Kiel
41662	Speak with Kiel about traveling to Merry Vale.
41663	Speak with Clara Chatterhag
41664	Speak with Clara Chatterhag about visiting Merry Vale.
41667	Speak with Smitty
41668	Speak with Smitty about visiting Merry Vale.
41812	The yeti attack is something of a surprise to the residents of Snow Hill.  Search the Hot Springs Cave for evidence of their plans.
44092	Snowhill Archway
45048	Smitty is curious as to why Trixi suddenly canceled an order for him to make several pickaxes. Smitty has asked you to ask Trixi why she has canceled her order.
45087	Besides, how would your dad even know this?  Hey, I bet Silversnow knows!
45089	I wonder what why Silversnow holds that Fruitcake.
45095	Fine, we can always ask Silversnow!
45101	Hi Silversnow!
45118	Hiya Silversnow.
45132	Hello Silversnow!
45134	Silversnow, my mom said that the Elves have purple skin, and are ten feet tall!  Is that true?
45286	Hey, let's go see Silversnow!
45367	<font color='#D9781A'>Sir Whittington</font> was just here blabbering about his recent trip to <font color='#D9781A'>Snowhill</font>. Something about <font color='#D9781A'>Fastvi Frostflutter</font> gone missing and villages being pillaged by <font color='#D9781A'>ice trolls</font>?<BR><BR>I don't have all the details. You should really <font color='#D9781A'>speak to Sir Whittington</font> yourself.
45369	Arestol believes if you can retrieve a book he once saw about Fastvi Frostflutter, that he may be able to learn more about how to summon Fastvi's essence. Retrieve the book from the highest peak of Misty Mountain.
45376	Please hurry and speak with Sir Whittington here in Sanctuary. It sounds as if something terrible has happened in Snowhill!
45388	The Warrior Tome actually exists? I cannot believe it! What a find! Hmm, wait a moment... Perhaps my excitement was a bit premature. This tome is written in a language that is unfamiliar to me. <BR><BR>I suggest you take this tome to an old friend of mine named, Iris Shiversting. She is a retired warrior who spends her days in the mountains above Snowhill. Hopefully she can read it for you.<BR>
45390	You brought the Warrior's Tome to Arestol but unfortunately it is written in a language he does not know. Arestol has suggested that you take the book to Iris Shiversting who can be found in the mountains above Snowhill.
45401	Please hurry and take the tome to Iris Shiversting. She is normally in the mountains above Snowhill.
45439	Fastvi Frostflutter
45984	Snowmen are on the loose in Snowhill! They're rampaging through town scaring the locals. Good thing you've got a bucket and hot spring water to sort them out!
45989	Return to Lealin
45990	Head back to Lealin and click on her to let her know how you did.
46055	Bah! These Brawlers are entertaining, but when there's a real fight happening, being a warrior is where it's at! If you think you can hang, you should talk to Drill Sergeant Dewey in Snowhill and see the difference. These fighters don't get nearly loud enough to be effective.
46056	NOT LIVE - The Warrior Within... Snowhill
46064	Vinni has informed you that being a warrior is where &quot;it's at&quot;. Talk to Drill Sergeant Dewey in Snowhill for more details on becoming a warrior.
46065	Talk to Drill Sergeant Dewey in Snowhill.
46066	Drill Sergeant Dewey can set you on the path of the warrior.
46067	If you are interested in becoming a warrior, go talk to Drill Sergeant Dewey in Snowhill to the north of here. I am sure he would be happy to have you join his ranks.
46166	Hey there, I'm Steelbloom, the Royal Blacksmith. Haven't heard of me? Really? I'm sort of a big deal. <BR><BR>If you want to study the art of a <font color='#D9781A'>Blacksmith</font>, you should go bother someone less talented... say like, <font color='#D9781A'>Smitty</font> in <font color='#D9781A'>Snowhill</font>.
46167	Give my Regards to Smitty
46173	Hey there, I'm Steelbloom, the Royal Blacksmith. Haven't heard of me? Really? I'm sort of a big deal.  If you want to study the art of a Blacksmith, you should go bother someone less talented... say like, Smitty in Snowhill. I'm far too busy for that sort
46174	Locate Smitty in Snowhill so that you can start blacksmith training.
46189	We're always looking for more qualified miners to supply ore, but I'm afraid I'm not qualified to train up a new <font color='#D9781A'>miner</font>. <BR><BR>I bet <font color='#D9781A'>Therin</font> in <font color='#D9781A'>Snowhill</font> would help you out though!
46191	Find Therin in Snowhill's Singing Crystal Mines so that you can learn to be a miner.
46198	Find Therin
46199	Nirvi says that Therin can train new Miners.
46286	Cinn wants you to deliver a present to Mort in Shrouded Glade.
46288	Oooo! A present from Cinn!? Better late than never I guess. And he wants me to pay you?! *sigh* What a cheap friend...
46299	Find Mort Scuttlestone so that you can deliver Cinn's present.
46303	Smitty wants a package delivered to General Glowlight in Sanctuary.
46308	Murphy wants you to ask about the smoothie business in Seaside.
46322	Ask about the smoothie business for Murphy.
46323	Return to Murphy in Snowhill
46324	Return to Snowhill and report what the smoothie stand owner said.
46620	Find Smitty
46680	Deliver to Joelle
46681	Deliver the newly revised script to Joelle.
46708	We have plenty of other talented fairies here in Merry Vale that can easily fill Tyra's place!<BR><BR>Now, just to figure out which one is the right one... Would you please ask <font color='#D9781A'>Joelle</font>, <font color='#D9781A'>Krissa</font>, and <font color='#D9781A'>Tarvie</font> to audition for me?
46715	Ask Joelle to audition
46716	Ask Joelle to audition for the starring role in the show.
46793	Test Cooking Snowhill Wilds
46947	Holly Singsong
47220	My sister Snowi and I are trying to find the next big star!  You think you've got what it takes to put on a show in front of all these beach goers?
47223	Listen to that crowd cheer, incredible!  You've got moxie kid, I like it.  You should talk to my sister Snowi in Snowhill, maybe she can get you another gig!
47740	I'm really having a hard time teaching these bears to be... well, bear-like! They should be running around, chasing rabbits and roaring like bears should roar. They're just too nice to roar at anything I'm afraid.<BR><BR>I heard <font color='#D9781A'>Valinda in Snowhill</font> is an excellent animal trainer. She even trained some penguins to deliver the mail! Would you mind <font color='#D9781A'>asking her for some advice</font> with the bears here at Gram Grounds?
47742	Tanna wants me to ask Valinda for training advice.
47747	Get advice from Valinda at Snowhill on how to train animals.
47748	Speak to Valinda
47761	Training bears is more about trickery than anything else. They're often ferocious creatures, but become cuddly and cute when tempted with honey.  If you want to try your hand at taming a bear, you'll need to create a sweet distraction!<BR><BR>Stop by <font color='#D9781A'>Smitty the Blacksmith in Snowhill</font> and pick up a <font color='#D9781A'>tiny tin jar</font> from around his work area; one small enough to fit stealthily in your pocket. Next, <font color='#D9781A'>gather some honey</font> from the Queensfield to fill the jar with. When you're done, <font color='#D9781A'>stroll nonchalantly through Bear Crossing</font> and see if any bears pick up the scent.
47763	Valinda wants me to fill a jar with honey to entice the bears.
47830	Steele
47838	Help Lealin defeat the evil snowmen by throwing hot water on them. Click on the bucket next to Lealin to begin.
47845	Return to Lealin at the Snowhill Hot Springs
47956	Kaylie Brianne
48000	Find a small tin from Smitty's work area.
66654	Pixie Snowhill Doll
66660	Human Snowhill Doll
66671	Queen Snowhill Doll
66752	Toxic Snowhill Liquid Concoction
66753	Clean Snowhill Liquid Concoction
66754	Purified Snowhill Liquid Concoction
66755	Dirty Snowhill Liquid Concoction
66756	Boiling Snowhill Liquid Concoction
66757	Freezing Snowhill Liquid Concoction
66758	Magical Snowhill Liquid Concoction
66759	Mystical Snowhill Liquid Concoction
66800	Toxic Snowhill Mixture
66801	Clean Snowhill Mixture
66802	Purified Snowhill Mixture
66803	Dirty Snowhill Mixture
66804	Boiling Snowhill Mixture
66805	Freezing Snowhill Mixture
66806	Magical Snowhill Mixture
66807	Mystical Snowhill Mixture
67508	Snowhill Liquid Concoction
67514	Snowhill Mixture
67620	Liquid concoctions made up from a rare selection of Snowhill water samples.
67626	Magical mixtures made up from a rare selection of Snowhill concoctions.
70083	Yaren Sunstare
70087	Talk to Yaren Sunstare.
70089	Return to Morgulg and speak with him.
70093	Thank goodness you came! I am a pixie again! That darn Morgulg. There's a reason chugawugs don't learn magic. I should have known better to try to teach him. I will be okay now. I just need to rest awhile. Thanks again for your help.
70390	Well? Look, I don't have time to chit chat, but Therin's your Dwarf if you want to know about all things mining. Look him up in the mines at Snowhill.
70446	Field south of the clocktower in Snowhill
70786	Deliver to Mayor Crystalline
70791	Deliver to Frostpetal
70894	Equip your warrior gear and complete the warrior initiation rites at the Hot Springs Haven in Snowhill.
70898	Find Morninglory near the Hot Springs Haven
71005	Oh, ya! I was supposed to deliver some weapons to Steele. I, um... I appear to have lost the weapons though. Here, you can have this instead though! Hehe!
71098	Cannon Crash: Snowhill
71234	Tumbolina doesn't want to leave Merry Vale, and has asked you to convince her ex-business partner, Aster, to complete the delivery of weapons to Snowhill for her. You should find Aster traveling along the road leading south out of Merry Vale.
71235	Tumbolina wants me to deliver this crate of weapons to Snowhill? As if! <BR><BR>I've sprained my ankle and I can't get through this path because of those unruly thugawugs! Could this day get any worse!?
71247	Tumbolina wants me to deliver this crate of weapons to Snowhill? As if! I can't even get through this path because of those unruly thugawugs. Here's an idea; if you can convince these brutes to let me through, I will deliver the weapons for you. Deal?
71266	Defeat some of the thugawugs, so Aster can get through. She's promised to deliver the shipment of weapons to Snowhill if you help her.
71281	The Roadhouse is on the road from Wugachug to Snowhill.
71283	Pear Jam is relaxing on the back porch of The Roadhouse. The Roadhouse is on the road between Wugachug and Snowhill.
71312	You need to be a Miner to use that. Visit Sorin in Snowhill to become a Miner!
71435	You have heard the <font color='#D9781A'>legend of Fastvi Frostflutter</font>, right? Surely they still teach warrior recruits a bit of history... no?<BR><BR>Well then, I think it's <font color='#D9781A'>time for a lesson</font>! The best way to learn is through action! You can reenact the famous <font color='#D9781A'>Weed Killing battle.</font> It was one of the first fights where Fastvi drew his axe.
71436	Warrior: Legend of Fastvi Frostflutter
71449	Sorry, you don't have the mining job! Visit Therin at the Singing Crystal Mines, in Snowhill, to obtain the Mining job.
71465	Sorry, you need to be a level 5 Miner to mine Gold.<BR><BR>Visit Therin at the Singing Crystal Mines, in Snowhill, to obtain level 1 in the Miner job.
71479	You don't look so sure. Maybe playing that game wasn't the best teaching method.<BR><BR>I know! Go talk with the guys in <font color='#D9781A'>Snowhill</font> who are old enough to remember Fastvi when he was a living legend. I'm sure they have some revealing stories.
71481	Sir Whittington has asked you to talk to his friends Silversnow, Milo, and Steele in Snowhill to see if they know more about Fastvi's last epic adventure.
71485	Talk to Silversnow
71486	Talk to the old pixie Silversnow, who can be found at the northern edge of Snowhill.
71488	Speak with Milo, who can be found up on a hilltop in Snowhill.
71489	Talk to Steele
71490	Talk to Steele, who can be found by the Clocktower in Snowhill.
71493	I do indeed recall the day Fastvi entered Frostfang Caverns. He came out beat up and defeated. He also appeared to have lost his famous axe. That is all I remember though. Perhaps Steele knows more.
71497	I remember now! Fastvi Frostflutter's weapon was shattered during his last battle. <BR><BR>Legend says that the one who finds the <font color='#D9781A'>weapon pieces</font>and defeats <font color='#D9781A'>Chillblaine</font> in <font color='#D9781A'>Frostfang Caverns</font>, will summon Fastvi once again.
71498	Warrior: Steele is Useful
71503	It is time to pass on the task of protecting Snowhill, but first my axe must be restored.<BR><BR>The pieces of my weapon have lost their power over the years, but we can imbue them with magic again.<BR><BR>You will need a <font color='#D9781A'>red</font> and <font color='#D9781A'>blue singing crystal</font>. <font color='#D9781A'>Therin</font> should have them, but they won't be cheap!
71524	The weapon has been restored? It is yours now. You deserve it for all you have done for the people of Snowhill. Go forth, brave warrior!
72023	Okay, this bucket isn't leaking at all. Now that losing water isn't an issue, I want ice cold Snowhill water.<BR><BR><font color='#D9781A'>Head to the Snowhill springs, lift out a bucketful, then bring it back here</font>. <BR><BR>Don't worry. Though the spring water may start out warm, while you're in Snowhill it'll cool down quickly.
72025	Murdunk wants you to fill the bucket with spring water from Snowhill.
72171	Milus Featherfeet
72178	Have you found all the members of the Snowhill Secret Society yet?
72228	Fill the bucket with Snowhill spring water
72229	Take the bucket to Snowhill and fill it with water from the springs.
72371	Mongo is only one of many prized Brawlers Kibler keeps bringing to the ring, each of them trained by Sampson Idlefist. He's always one step ahead of me it seems, but the trick my fighters have that Kibler's don't, is the trademark, Pummel. Never before has anyone seen such a flurry of blows. If you use it on Sampson's fighter recruits, they won't even know what happened.<BR><BR>Last I heard, Sampson's new recruits were training outside of Blackspore, just up the road to my left. Give the fighter a good roughing up, and bring back proof of your victory. Good luck, and oh, don't forget to sign the release form before going. It's just a formality, you know?
72397	Have you talked to Smitty about the broken gear? We are getting pretty backed up here!
72401	Go talk to Therin inside the mines, he can help you get some smelted copper bars.
72405	Have you talked to Trixi yet? She can be found within the mines.
72423	Snarf is in the picnic grounds at The Roadhouse, between Snowhill and Wugachug.
72424	Snarf take picnic area to have a party. Baker from Snowhill delivered Snarf a cake instead of pies! Snarf need pies, cake no good! Snarf know that Terrence gets pies delivered, could you see if you can find Snarf some pies?
72437	The Roadhouse is on the road between Snowhill and Wugachug.
72489	Did you read her the poem yet? Her name is Carrie!
72536	You've outdone me!<BR><BR>Now it's time for you to speak with Chef <font color='#D9781A'>Lucca De'Flor</font>, who also has a reputation as a respected Foodie.<BR><BR><font color='#D9781A'>Pay him a visit in Snowhill</font>. <BR><BR>If he likes your food, Bordon Cloo might just hear about it.
72538	Cook Yumtumlot thinks that you should visit Lucca De'Flor in Snowhill. If you impress him, Bordon Cloo might hear about it. After all, you really want to join Cloo's Cooking Academy, don't you?
72555	While you were recovering my artifact, my camp was raided by a bunch of <font color='#D9781A'>robgoblins</font>. I tried my best to defend your gems and gold, but my flailing was useless. I bet you're angry. Don't take your anger out on me though! You can use your rage on the thieves!<BR><BR>They ran off with your goods and headed <font color='#D9781A'>west</font>, near the <font color='#D9781A'>Robgoblin Camp</font>.<BR><BR>If you can recover your treasures, I'm sure my friend <font color='#D9781A'>Sorin</font> in the <font color='#D9781A'>Singing Crystal Mines</font> will gladly offer you a nice price for them.<BR>
72557	While you were out getting the other piece of Sir Wellington's artifact, he was robbed by some robgoblins and they took your gold and gems. If you can get them back, perhaps Sorin in the Singing Crystal Mine will buy them from you.
72558	Oh no, you fighters aren't going to fool me twice! I've been duped by your kind this week already. Yes, just a matter of days ago a trickster dressed a lot like you came here trying to sell me precious gems and gold. Like a sucker, I made an advance payment before receiving the goods. A young fighter named Jeni Shortfuse said someone would be along soon to give me my gems. I bet you can guess what happened next. I never saw that Jeni again.
72562	As a chef, cook up some Fried Starnut Stick and Spicy Vegetable Stirfry for Lucca De'Flor in Snowhill.
72573	Go speak with Lucca De'Flor at his restaurant in Snowhill!
72577	Go see Lucca De'Flor
72578	Find Lucca De'Flor at his restaurant in Snowhill!
72599	Talk to Sorin.
72600	Perhaps Sorin in Singing Crystal Mine will buy your gems and gold.
72632	You brawlers should really watch your reputation. Some problems you can't just fight your way out of. We have rules here! <BR><BR><font color='#D9781A'>Mayor Crystalline</font> has heard of the shenanigans going on, and she's <font color='#D9781A'>asked to speak with you</font>.
72634	Sorin has recently been scammed by a so-called brawler who tried to sell gems to him. He's not buying your story and has asked you to talk to Mayor Crystalline in Snowhill.
72635	So Mayor Crystalline sent you to check on me? Well, I'm doing as told, even though I don't deserve this punishment.
72647	Talk to Mayor Crystalline
72649	Talk to Jeni Shortfuse in Snowhill
72651	Report to Mayor Crystalline near the clocktower. That's all I have to say to your kind.
72653	So it's all a misunderstanding you say? Don't blame me for not believing your story. The people of Snowhill have been fooled enough by your friend Jeni Shortfuse. Don't pretend you don't know her!
72655	You are both brawlers and you probably trained under that rotten Sampson as well. She's serving out her punishment by putting her fighting skills to good use, ridding Snowy Canyon of ice trolls. I think you should join her.
72665	Sampson Idlefist sent me to Snowhill to sell Sorin some gems, but he never delivered them. I got blamed for it all! Stupid Sampson!<BR><BR>Before we clear our names, we should help the Mayor. She'll forgive us if we <font color='#D9781A'>pummel</font> some <font color='#D9781A'>ice trolls</font>.
72667	Jeni claims she was setup by Sampson Idlefist. Now you and Jeni need to clear your names and restore your good reputation with the Mayor of Snowhill. Perhaps defeating some ice trolls in Snowy Canyon would do the trick.
72668	Impressive! The people in Sacred Grove should be glad Sampson never got his hands on you. <BR><BR>From the looks of it, you're unstoppable! Just the kind of bait Sampson would take.
72676	Lucca De'Flor wants you to meet his chef friend Glerga at the Robgoblin Camp. She taught him to make some strangely great tasting gross foods. Maybe you can learn something from the tiny chef!
72745	We have to prove <font color='#D9781A'>Sampson Idlefist</font> is a fraud so that we can reclaim our brawler pride!<BR><BR>We'll need to <font color='#D9781A'>gain his trust</font> first. Get on his good side by offering to help him and use this recorder to try and capture some evidence!
72747	Jeni is determined to get off of ice troll duty. The only way she knows how, is to prove her innocence by providing the Mayor with proof that Sampson is a fraud. That means you will need to try to gather some proof that Sampson is a bad guy. First you will need to gain his trust though.
72751	Speak to Sampson Idlefist and gain his trust.
72753	Talk to Sampson Idlefist
72757	Please hurry and try to gain Sampson Idlefist's trust. I am tired of being on ice troll duty and we need to clear our good names!
72763	Sampson wants his money back for offering his protection to several people. He doesn't care how you get it, just do it!
72764	You have a recording of Sampson talking about his thieving ways? Excellent!
72767	Talk to Loryn in Snowhill
72769	Talk to Therin in Snowhill
72771	Talk to Murphy in Snowhill
72773	Return to Sampson
72775	I am not giving Sampson any money! He is a worthless excuse for a bodyguard! Now go away!
72777	I hired Sampson to protect some crates of gems that kept getting stolen, but he was useless. I am not paying him anything!
72779	I had a problem with someone putting soap in the hot springs and causing an explosion of bubbles. Sampson was supposed to watch and see who was doing it, but he didn't do anything! I am not giving him any money!
72781	Don't they know who they are messing with? I don't care how you get my money, wreck their stuff, beat them up, whatever it takes! <BR><BR>Make it happen, or I'll make sure you end up on ice troll duty like that pathetic Jeni Shortfuse!
72800	We've got him now!<BR><BR>Take the recording of Sampson to <font color='#D9781A'>Mayor Crystalline</font> in <font color='#D9781A'>Snowhill</font>!<BR><BR>
72802	Jeni's thrilled to learn you have proof of Sampson's wrongdoings. Now you just need to play the recording for Mayor Crystalline in Snowhill.
72803	Sampson was behind all of this? <BR><BR>On behalf of the people of Snowhill, I humbly apologize for the trouble this has caused you.
72810	Hurry and let Mayor Crystalline hear your recording of Sampson. I am sure she will clear our names!
72814	Now is the time to <font color='#D9781A'>confront Sampson</font> and stop him from causing any more trouble. <font color='#D9781A'>Defeat him in combat</font> and return to me when you are victorious.
72816	Mayor Crystalline wants you to rid Sacred Grove of Sampson Idlefist once and for all. Confront him outside of Snowhill and defeat him in battle!
72817	Outstanding job! Sampson will trouble us no more!
72821	Talk to Sampson Idlefist in Sanctuary.
72823	Please find Sampson Idlefist and defeat him in combat. His days of scamming people have to end!
72829	Have you talked to Kiel, Clara, or Smitty about coming to visit yet? They can be found in Snowhill.
72854	NOT LIVE - So Long Sampson!
72855	Sampson has challenged you to a duel in Darvon's Descent. Show him who the real Brawler is!
72856	You defeated Sampson Idlefist? I cannot believe it!
72867	Your heroic actions have helped not just Snowhill, but all of Sacred Grove! <BR><BR>Please let <font color='#D9781A'>Jeni</font> know that she is free to leave, and welcome to return whenever she wishes!
72869	Mayor Crystalline wants you to let Jeni Shortfuse know that Sacred Grove is indebted to you both and that she is now officially free of ice troll duty!
73277	Have you found Smitty yet? He should be in Snowhill.
73474	I'm not sleeping... I'm performing on stage in Snowhill in front of thousands of fans...
73517	Did you deliver that script to Joelle yet? I would appreciate it if you could do it soon. The show must go on as they say!
73609	Please go see if Joelle will audition to take Tyra's place. I hate to do this to Tyra but I just can't deal with her any longer!
73615	You should seek out Mayor Crystalline by the clocktower.
73827	I'm hearing there's a flu epidemic in <font color='#D9781A'>Snowhill!</font>  It always seems to happen around this time of the year.<BR><BR>Speak to <font color='#D9781A'>Nurse Naia</font>, she has some vaccines she'd like you to deliver and administer.
73829	Citizens of Snowhill are due for their flu medicine and you are sent to administer it.
73832	Go to Snowhill and get a list of all the people who need flu medicine from Mayor Crystalline.
73833	As a medic, speak with Mayor Crystalline
73834	The mayor is located in Snowhill, to the North.
73835	Oh good, the medic! Here's a list of Snowhill citizens that are in need of your services. <BR><BR>You'll have to hurry though, once you expose that medicine to the harsh cold in Snowhill, it won't last very long.
73840	Return to Mayor Crystalline
74025	This is a disaster! <BR><BR>Oh, I knew I shouldn't have left the windows open... Now the wind has scattered my papers everywhere! <BR><BR>Please help me <font color='#D9781A'>find</font> all the <font color='#D9781A'>Snowhill Medical Records</font> scattered around town.
74033	The mayor dropped Snowhill's medical records and the wind blew them all over town!
74036	Bring the pages to Mayor Crystalline
74041	Snowhill Records
74063	The chugawugs here have asked me to send aid to their friends and relatives in Bristlewood.<BR><BR>I think we could do wonders for my image if you <font color='#D9781A'>find Docaloc</font> in <font color='#D9781A'>Bristlewood</font> to help him on behalf of Snowhill!
74065	Mayor Crystalline wants you to help some Snowhill chugawug relatives in Briarwood. 
74066	Help from Snowhill? We sure could use some dealing with all the poisonous spiders around here.
74069	Help out the chugawugs in Bristlewood on behalf of Mayor Crystalline.
74175	Big J's
74382	You can find Lucca De'Flor in Snowhill.
74491	Since you seem to be on a lucky streak, let's see what you can do to help around here. I was supposed to check on Trixi earlier but it's been too busy around here.<BR><BR>Why don't you go and see what you can do to help her out?
74493	Speak with Trixi and see what kind of help she needs!
74494	That Therin, always trying to pawn off his work on other people!<BR><BR>He's right, I could use your help.
74499	Speak with Trixi
74500	Head over to Trixi and speak with her.
74592	Go home already!? The dogs are running around all excited, I'm not going to be able to grab them until they're all tired out!<BR><BR>Can you try and round them up so I can take them back? Their names are; Cinnamon, Spice, Sugar, and Pupsicles!
74594	Cinnamon
74604	Help catch Cinnamon
74667	Hand in one copper ore to Therin.
74668	Hand in a copper ore to Therin.
74852	You know, teaching you has been quite profitable. I wonder if Yaren in <font color='#D9781A'>Snowhill</font> has been doing as well as me... HA!<BR><BR>That gives me an idea...<BR><BR>Go <font color='#D9781A'>find Yaren's student</font> and see how he's doing.<font size='12'> Who knows, I just might want to trade</font>...
74854	Fizzlesticks is interested in how Yaren's student is doing. Go to Snowhill and talk to him.
74860	Morgulg accidentally froze Yaren in ice. Head to Snowhill and use the Flame Orb to free him.
74861	Thanks stranger.<BR><BR>I'm not mad at Morgulg. It was an honest mistake, and I'm sure I would have unfrozen eventually.
74865	Talk to Morgulg in Snowhill
74889	Morgulg still has some learning to do. I'm sending him to <font color='#D9781A'>Merry Vale</font> to speak with <font color='#D9781A'>Talespinner Yvelle</font>. She can teach him a lot about wizard history.<BR><BR>You should go too, [*player*]. All wizards should know about the <font color='#D9781A'>Spellstruck Halls</font>.
74913	Cronyn
74917	<font color='#D9781A'>Morgulg</font> has not come back yet from his history lesson and I am starting to worry. Can you go and find him?<BR><BR>He was planning on taking the <font color='#D9781A'>Snowhill warpstone</font>.
74924	Look for Morgulg near the Snowhill Warpstone
74926	Take that scroll to Flitter in Sanctuary. She is the best postman around and will make sure it gets to Morgulg.
74937	You seem to be improving fast as a wizard. I think it's time for you to make your first wand. I'd love to help, but I have my hands full with Morgulg.<BR><BR>Lucky for you, <font color='#D9781A'>Osgood</font> in <font color='#D9781A'>Sanctuary</font> can make a great wand too.
75982	[*Player*] was able to track down all the missing pages of Snowhill's medical records!
75983	[*Player*] successfully administered flu medicine to the residents of Snowhill!
76019	Try to mine using the Training Node next to Therin.
76020	Speak to Therin
76021	Therin is at the Singing Crystal Mines in Snowhill.
76022	Make it back to Therin before time is up!
76086	You want better gear? Ha! You and me both. <BR><BR><font color='#D9781A'>Trixi</font> is making new mining gear. Go tell her to crank up the production.
76088	Visit Trixi in the Singing Crystal Mines and find out if she has any better mining gear for you.
76098	Visit Trixi to find out if she has any Mining gear for you.
76099	Visit Trixi 
76100	Trixi is in the Singing Crystal Mines.
76101	Tell Therin to calm down! I don't have enough ore for the gear.<BR><BR>Bring me <font color='#D9781A'>copper ore</font> and I'll see what I can do.
76111	Return to Trixi
76112	Bring the copper ore to Trixi
76127	Collect Ice Lotus from the hills of Snowy Canyon, in Snowhill.
76208	While you were mining copper ore, I dropped off a shipment of broken mining gear to <font color='#D9781A'>Smitty</font>, our resident smith. <BR><BR><font color='#D9781A'>Bring him the copper</font> you mined and he should be able to patch up the gear.
76210	Deliver the copper ore to Smitty in Snowhill and bring back the repaired mining gear to Trixi.
76222	As a miner, work with Smitty in Snowhill to repair some broken miner gear.
76224	Bring Smitty the Copper Ore you mined earlier.
76226	Smitty needs you to smelt some of the copper ore in to bars using the nearby smelting furnace. Your help should speed up the repair process.
76227	Give Smitty the copper bars
76228	Be sure to give Smitty the copper bars so he can repair the mining gear.
76233	Return to Trixi in the Singing Crystal Mines
76240	Trixi sent you? Awesome, you brought the ore!<BR><BR>You can help me make copper bars. <font color='#D9781A'>Buy some Singing Coal from Bruno Battlerock</font>, then <font color='#D9781A'>use the smelting fire</font> next to me.
76262	Nice work. Go ahead and <font color='#D9781A'>take this repaired gear to Trixi.</font> I'm sure she'll be happy to see it!
76517	Trixi in the Singing Crystal Mines wants you to collect more copper ore before coming back to her.
76518	Great job! I think we're ready to talk with Smitty now.
76520	As a miner, mine more copper ore for Trixi.
76524	Bring your ore back to Trixi.
76580	Smitty always needs smelted bars. Every time you prepare him smelted bars, he'll share some of the profits!
76583	As a miner, smelt more copper bars for Smitty.
76585	Smitty needs Copper Bars. Smelt as many as you want!
76660	After handing in your Copper Bars, talk with Smitty for your reward!
76769	<font color='#D9781A'>Sorin</font>, our resident gemologist, has been asking around about you. He's an expert when it comes to the shinies.<BR><BR>You should <font color='#D9781A'>go talk to him.</font>
76771	Sorin has heard about your skills and needs your help. Find out what he wants!
76774	Find Sorin in the Singing Crystal Mines and see what you can do to help him.
76775	Speak with Sorin
76776	Find Sorin, the resident gemologist!
76777	Trixi's right, I sure could use some extra help searching for gems. The other dwarves don't recognize their value like I do, but I'm trying to change that.<BR><BR>Think you could <font color='#D9781A'>mine some turquoise</font> for me? It should be available <font color='#D9781A'>anywhere you find copper</font> here in this quarry.
76781	Return to Sorin
76782	Return to Sorin with your Turquoise.
76816	Give Sorin the turquoise
76817	Hand Sorin the turquoise you mined
76898	Give Sorin Some Turquoise
76903	Talk with Sorin
76904	Sorin has a reward for your efforts, talk to him and see what it is!
76905	You know, there's more gems out there besides <font color='#D9781A'>turquoise</font>. I saw the sparkle of <font color='#D9781A'>malachite</font> at a rare copper deposit outside Snowhill once! <BR><BR>If you can <font color='#D9781A'>dig up</font> handfuls of <font color='#D9781A'>both</font> gems, I'll pay you well for each load.
76907	Sorin is stockpiling shinies at the Singing Crystal Mines and needs your help! Bring him five malachite and five turquoise and he'll reward you for the effort.
76910	As a miner, bring Sorin in the Singing Crystal Mines some malachite and turquoise!
76914	Malachite can only be found when mining Copper in the wilderness outside Snowhill.
76916	Return to Sorin with your Malachite and Turquoise, and hand them in!
76923	Collect your reward from Sorin
76963	Umari's Boom Box
76972	Sorin wants you to take some of the turquoise you found to Shimmer Shinyaxe at the Dartmoor Mining Camp, and find more copper ore along the way.<BR><BR>Dartmoor is located southwest of Snowhill.
76996	Sorin sent you? What a guy! <font color='#D9781A'>Did you bring the turquoise</font> I asked him for?
77024	If you don't have Turquoise, you can probably mine it up back at the quarry in Snowhill.
77224	Drill Sergeant Dewey wants you to practice on the Frostfang Snarlers! You can find them menacing the mountains to the western side of Snowhill.
77232	The yetis at Snowhill are so afraid of [*Player*], they're shaking in their furs!
77366	Some of Snowhill's supplies have gone missing, and it appears that the trolls may have taken them!  Search the Snowy Canyon for the supply crates!
77407	[*Player*] relived the famous battle, &quot;Plants Alive&quot; and found out a little about the legend of Fastvi Frostflutter in the process.
77408	[*Player*] has uncovered an ancient text that details the heroic adventures of the legendary warrior, Fastvi Frostflutter.
77609	Umari Trigger Cube
77749	Oh goodness, this is horrible! Therin can't find out about this!
77763	If Therin finds out about the mistake... This isn't the first time I've messed up like this!<BR><BR>Would you be kind enough to <font color='#D9781A'>smelt</font> some <font color='#D9781A'>silver bars</font> up so I can straighten things out? 
77774	Help Bruce!
77776	Bruce is being forced to sing awful songs that the Thugawugs like.  Help him out by knocking out all the Thugawug female Fans!
77961	The ice trolls and yetis are at war! Stop them before their fight reaches Snowhill!
78088	Go, Bruce! I never get tired of this song!
78336	You've proven yourself beyond a shadow of a doubt. The Mining Guild will be made stronger by your membership.<BR><BR>Visit <font color='#D9781A'>Therin</font> in the <font color='#D9781A'>Singing Crystal Mines</font>, it's time to make you official!
78338	Snorg has deemed you fit for the Mining Guild. Return to Therin in the Singing Crystal Mines.
78341	Seek out Therin at the Singing Crystal Mines in Snowhill.
78342	Talk to Therin
78343	Travel back to Snowhill and visit Therin at the Singing Crystal Mines.
78478	Interested in blacksmithing? You'll need gems and smelted bars. They can be mined, smelted and traded by miners. <BR><BR>If you'd like to mine for yourself, speak to Therin in the Singing Crystal Mines. <BR><BR>Return with <font color='#D9781A'>copper bars</font> and I'll teach you the basics.<BR><BR>
78480	Smitty wants you to obtain Copper Bars. You can smelt them yourself, or buy them from another Miner.
78750	Show Smitty the copper bars
78751	After obtaining the 10 requested copper bars, show them to Smitty.
78760	Sorry, no time for chit chat! The Hot Springs is a mess, and don't get me started on the post office!<BR><BR><font color='#D9781A'>Talk to Tevin</font> if you're looking for work. We can use the help! 
78762	Meet the mayor of Snowhill.
78769	Snowhill has lots of problems. Speak to Tevin, the mayor's assistant, to see what you can do to help. 
78770	Speak to Tevin
78846	Defeat your foes at the Hot Springs Haven in Snowhill.
78868	For now your training is complete, but your journey is only beginning.<BR><BR>Ty told me about the kidnappings near Snowhill.<BR><BR>If you have the courage to use your skills for the good of others, find <font color='#D9781A'>Frostpetal</font> in <font color='#D9781A'>Snowhill</font> and do what you can to help.
78870	The Shadow Talon kidnappers have taken their captives to an undisclosed location in Snowhill.  Find them and save them!
78875	The situation bodes ill for the residents of Snowhill.  The leader of this band of ninjas must be dealt with.
78876	Their leader is named <font color='#D9781A'>Tavil</font>. He is a cunning and ruthless ninja.<BR><BR>No doubt he is hiding out in the <font color='#D9781A'>Deep Mines</font> in <font color='#D9781A'>Snowhill</font>. <font color='#D9781A'>Defeat him</font>, or there will be more trouble.
78878	Ty has directed you to defeat Tavil, in the Deep Mines of Snowhill.
78894	Michi in Snowhill has her suspicions about what is going on, but needs you to use your Ninja skills to get a copy of &quot;Ancient Evils: A User-Friendly Guide to Evil Artifacts&quot; from a crazy hermit in the Misty Mountains so she can confirm them.
78900	There's a problem I promised to handle that needs to be tackled before I can skip town.  Do you think you could take care of it?<BR><BR><font color='#D9781A'>Talk to Annabelle in Snowhill</font>.  She has an issue with her husband, and it's, well... complicated.
78902	Michi has asked you to help Annabelle in Snowhill with her problem.
78906	Michi was ambushed by ice trolls while speaking to her friend, Patterwings.  Head into the Howling Hills to retrieve the stolen medicine.
78928	Ninja: Missive for Michi
79018	Say, you look like a pretty good [*player_class*]. We could use your help!<BR><BR><font color='#D9781A'>Talk</font> to <font color='#D9781A'>Murphy</font> at the Hot Springs. The yetis are causing trouble again!
79020	Mayor Crystalline's assistant, Tevin, has asked you to look into a number of problems that have arisen in Snowhill. First, travel to the Hot Springs and speak with Murphy.
79021	Tevin sent you to help out? Great! These days, all I seem to have are problems.
79022	Tevin
79024	Travel to the Snowhill Hot Springs and speak with Murphy.
79025	Speak to Murphy
79027	Help Murphy out with his second problem
79029	Help Murphy out with his third problem
79033	Let Tevin know that you helped out Murphy
79041	I'm running out of towels! <font color='#D9781A'>Downey</font> usually washes the dirty ones, but she hasn't been by today.<BR><BR>Will you <font color='#D9781A'>pay her a visit</font> and fetch some clean towels?
79043	Murphy has asked you to fetch some clean towels from Downey.
79046	Fetch some clean towels from Downey.
79047	Visit Downey 
79048	Fetch some clean towels from Downey. You can find her house on Snowdrip Lane.
79049	Get Smitty to dry the towels
79050	Find Smitty the Blacksmith in Snowhill.
79051	Give the towels to Murphy at the Snowhill Hot Springs
79053	Murphy's run out of towels already?! The ones I just washed aren't even dry yet.<BR><BR>Hmmm, I think I have an idea.
79055	Here, take this stack of damp towels and go visit Smitty, the local smithy.<BR><BR>I'm sure his furnaces can dry these towels in no time flat!
79064	Have you talked to Murphy yet? He should be at the Hot Springs.
90117	Downey
90123	Speak to Bruno Battlerock to purchase Thorny Fasteners and Wooden Planks, then return to Smitty.
90134	Return to Smitty
90135	Bring the materials back to Smitty.
90149	<font color='#D9781A'>Carrie</font> and I have come up with a new smoothie recipe. Its tastiness will keep the customers coming back for more!<BR><BR>She'll whip one up if you <font color='#D9781A'>find her the ingredients</font>.
90151	Help Murphy and Carrie make a Snowberry Blizzard Blast. You can find all the ingredients just south of Snowhill, near Perry's farm.
90152	Oh wow, this is delicious. I'll need to share this with Carrie at once! She did make it after all.<BR><BR>Thanks again for all your assistance. You can tell Tevin that I don't need help anymore.
90184	Assistant Chef Edward
90186	Fritti Bluebelle
90189	Harvest ingredients for Carrie near Perry's farm, just south of Snowhill.
90196	Hank Fisticuffs
90205	As a Blacksmith, forge some Spunky Scrapper Hammers for Smitty at the forge in Snowhill.
90212	Give Smitty the Spunky Scrapper Hammers
90213	Give the Hammers you made to Smitty.
90221	Sakka has asked you to recruit Michi in Snowhill to help deal with the Floren.
90222	There's a Flying Dragon ninja named <font color='#D9781A'>Michi</font> staying in <font color='#D9781A'>Snowhill</font>. I'll need her help to get these angry floren under control. <BR><BR><font color='#D9781A'>Take her this note</font> and do whatever it takes to get her down here!
90223	You've brought a note from Sakka? <BR><BR>Hmm... I can't leave Snowhill right now.  There's too much I have to handle. <BR><BR>Maybe if you lent me a hand...
90227	So Murphy told you to bring me ingredients? Great! Now I can make that smoothie that we've been talking about.<BR><BR>Just wait here for a moment, it shouldn't take me too long to make this.
90237	Hmm... I can almost taste that smoothie already! I can't wait until Carrie has worked her magic on the ingredients that you bring her!
90262	Give the ingredients to Carrie at the Snowhill hot springs.
90263	Return to Snowhill and give the ingredients to Carrie so that she can make a smoothie.
90264	Return to Murphy
90284	Good to see you again, [*player*]! Say, would you mind paying a visit to <font color='#D9781A'>Big J</font> over at the <font color='#D9781A'>Ice Skating and Bait Shop</font>? He's been hooting and hollering, trying to get the Mayor to help him out.<BR><BR>Frankly, Mayor Crystalline has bigger fish to fry.
90286	Speak with Big J, owner of the Skating and Bait Shop.
90296	Speak to Big J at the Ice Skating and Bait Shop in Snowhill. 
90297	Speak with Big J
90299	Thanks for offering to help out Loryn at the Post Office!
90395	Defeat Umari.
90396	Defeat Umari in the Hot Springs Haven
90406	Help Smitty fill an order for Spunky Scrapper Hammers
90420	Speak to Tanda T. Toes in Snowhill
90421	Speak to Tanda T. Toes in Snowhill to learn secrets of stealth.
90488	Speak to Frostpetal in Snowhill
90489	Speak to Frostpetal for more information on the kidnappings in Snowhill.
90510	Return to Frostpetal
90511	Return to Frostpetal and inform her of your findings.
90552	Locate Tavil, who can be found in the Deep Mines of Snowhill, and defeat him.
90734	<font color='#D9781A'>Trixi</font> over at the Singing Crystal Mines is a regular customer of mine. She's never canceled an order, until today!<BR><BR>Could you <font color='#D9781A'>talk</font> to <font color='#D9781A'>her</font> and find out what is wrong?
90736	Trixi canceled a rush order for pickaxes. Find out why!
90756	Find out why Trixi at the Singing Crystal Mines in Snowhill canceled her rush order of pickaxes.
90758	Find out why Trixi canceled her rush order of pickaxes!
90790	Looks like Therin hired a warrior named <font color='#D9781A'>Brody Sparfist</font> to clear out the bats. I hope he can get the miners working again.<BR><BR>I've got an idea. I'll teach you how to <font color='#D9781A'>make</font> a <font color='#D9781A'>Valiant Guardian Cudgel</font> if you make it for him! Deal?
90792	Make a Cudgel for Brody Sparfist
90793	Ooh man, that is a nice cudgel! But... I tried to explain to Therin that I'm afraid of bats!<BR><BR>He wouldn't let me say a single word though...
91114	Seek out Michi
91115	Seek out Michi in Snowhill.
91123	As a Blacksmith, forge and deliver a Valiant Guardian Cudgel to Brody Sparfist using the anvil just outside Singing Crystal Mines.
91237	Bring the completed Valiant Guardian Cudgel to Brody Sparfist outside the Singing Crystal Mines
91238	Speak With Brody Sparfist
91271	Talk to Drill Sergeant Dewey
91276	Return to Drill Sergeant Dewey in Snowhill
91278	Hrmm... My results show that Misty Mountain isn't the source of the contamination at all.<BR><BR>It looks like the problem is coming from a small, <font color='#D9781A'>icy area in Snowhill</font>.<BR><BR>It's time for you to bundle up and <font color='#D9781A'>investigate</font>!
91279	The Smell's in Snowhill
91280	Embir has determined that Misty Mountain is not the cause of the contamination, but that it appears to be coming from an icy area within Snowhill and she wants you to stop who or what ever is responsible.
91286	The smell seems to be coming from an icy area within Snowhill.
91288	Let Embir know that Little J's fishing bait is causing the smell, and that he promises to start using something else.
91302	Find the Blacksmith Derp Axemaker at Dartmoor, southwest of Snowhill.
91303	Please travel to Snowhill and see if you can find out who or what is putting the stinklesprout in the water.
91305	Find and speak with Derp Axemaker, at Dartmoor, southwest of Snowhill.
91334	Return to Michi in Snowhill
91335	Inform Michi of your success.
91368	Speak to Annabelle
91419	Little Jimmy
91426	Search within Tanglewood Fort to find Little Jimmy.
91542	Tilda has asked you to do a bit of traveling and get some of her overdue books back from Rourke Ironfist in Lakeshore, Murphy in Snowhill, and Anura in Sanctuary.
91559	Get a book from Murphy in Snowhill
91560	Retrieve the overdue book from Murphy in Snowhill.
91660	Tanda T. Toes
91714	Return to Morninglory in Snowhill
91716	Now that you have some experience, you're ready for initiation!<BR><BR><font color='#D9781A'>Go see Morninglory</font>. She's gathering recruits near the <font color='#D9781A'>Hot Springs Haven</font>, northwest of here.
91729	Return to Steele
91737	You should really find <font color='#D9781A'>Morninglory</font> as soon as possible. The warrior initiation rites could start any minute! Just head <font color='#D9781A'>north west</font> until you reach the <font color='#D9781A'>Hot Springs Haven</font> to find her.
91753	We had a teeny tiny accident while practicing spells, and now Keldon is encased in ice.<BR><BR>I don't know the spell to unfreeze him. Maybe warm water will do the trick?<BR><BR>Will you please go to <font color='#D9781A'>Snowhill Hot Springs</font> and grab a bucket of steaming <font color='#D9781A'>water</font>?
91755	Suni had a magic mishap and accidentally froze her friend Keldon in a block of ice. Get a bucket of hot water from the hot springs in Snowhill to unfreeze him.
91762	Grab a bucket of water from the hot springs at Snowhill.
91769	Please hurry and get a bucket of hot water from the springs in Snowhill. We must unfreeze poor Keldon. I am just happy I wasn't practicing a fire spell!
91822	Get some enriched soil from the cow's pen outside of Snowhill.
91845	That fertilizer won't make itself. I need you to harvest 5 rainleaf, 5 chugaroot, and get me an enriched soil sample from the cow pen outside of Snowhill. I will be waiting here for you.
91959	Big Jack-O-Lantern
92107	[*player*] made smelting look easy, while repairing the old miner gear with Smitty.
92108	Learning about gems is a grand adventure, but learning about gems from the great gemologist, Sorin, is an honor. He's asked for [*player*] by name!
92149	With the news you bring of their presence in Snowhill, I see the true extent of my failure and know that action must be taken.  Will you continue down this path with me?
92208	The Ice Wolves have been causing trouble for the citizens of Snowhill!  Knock a few out to try and scare off the back, and bring back some collars as proof!
92211	Knock out some Ice Wolves in Snowhill and bring back some collars as proof!
92257	#Cap([*player*]) has uncovered an ancient text that details the heroic adventures of the legendary Warrior, Fastvi Frostflutter.
92271	I know I should be in school right now. Normally I would never ask anyone to lie for me, honest! But Bruce is playing a show in Snowhill today that I simply cannot miss. <BR><BR>Could you <font color='#D9781A'>find my teacher, Tilda</font>, and <font color='#D9781A'>tell her I'm too sick to come to class</font> today?
92273	Milla wants to play hookey from school so she can see Bruce perform in Snowhill. She has asked you to tell her teacher, Tilda that she is too sick to come to school.
92286	Please hurry, Bruce's show will be starting soon. Please tell my teacher, Tilda Timidleaf that I am sick and can't come to class today.
92320	Really? I can go? Woohoo! I can't wait to see Bruce play! He's SUPER dreamy!
92345	Please get some food from Glerga to make your tummy upset and then see if Doctor Gordon will give you a doctor's note. If I miss Bruce's concert, I don't know what I'll do! Bruce is so dreamy!
92415	Ever since Michi came to town, my husband Nestor has decided that he's a ninja!  He doesn't even answer to Nestor anymore.  He wants to be called 'Nenjai'.
92428	You don't happen to have a bag of Pickled Onion Crisps on you, do you? The food around here is leafy and tasteless.<BR><BR>It's been so long since I've had a mouthwatering <font color='#D9781A'>sandwich</font> from <font color='#D9781A'>Lucca's</font> in <font color='#D9781A'>Snowhill</font>. I'd be willing to pay double what it's worth if you <font color='#D9781A'>grab me one</font>.
92430	Leek is tired of all the healthy food in Shrouded Glade and wants you to go get a sandwich for him from Lucca De'Flor in Snowhill.
92437	Visit Lucca in Snowhill
92438	Grab a savory sandwich from Lucca De'Flor in Snowhill, west of Shrouded Glade.
92443	This game is fun, but this guy takes too long between rounds!<BR><BR>This is an easy game too! The hardest one is over by Valinda at the Penguin Training Institute.
92445	I can't stop thinking about that sandwich. Please get me one from Lucca in Snowhill!
92472	Pass along Annabelle's message to Nenjai: his dinner is getting cold!
92485	Look around Snowhill for the missing buckets of fish.
92492	Look around Snowhill for the missing buckets of fish. 
92500	Trained snow wolves and their ice troll masters threaten Snowhill! Defeat their leader, Snognosh!
92558	Since I came to study at the academy, the only contact I've had with my friends from Snowhill is through letters.<BR><BR>The postmen here are kind of slow. Would you <font color='#D9781A'>take my friend a letter</font> for me? Her name and address may be hard to read. My writing is kind of sloppy.
92565	Darbin's friend lives in Snowhill, but his writing is so sloppy that you may never be able to tell who the letter was intended for.
92578	Jonathon Forkpath
92601	Look for Big J's lost worms around Snowhill.
92613	Return the worms to Big J
92629	Big J wants to know if the fishing hole has frozen over. Check it out for him and bring back a fish if you can. 
92632	Make sure that the Snowhill fishing hole has not frozen over.
92637	Return to Big J
92764	Battle Master Card Duelist Garrison Gold and his Trick Deck. Be the first to score 12 points to win the match and an Anesthesia trick card from Garrison's deck!
92765	Battle Master Card Duelist Garrison Gold and his Creature Deck. Be the first to score 12 points to win the match and a Raven Companion creature card from Garrison's deck!  Garrison doesn't like losing, so he will start with Raven Companion in play to improve his chances of winning.
92766	Battle Master Card Duelist Garrison Gold and his Resource Deck. Be the first to score 12 points to win the match and a Reflex Hammer resource card from Garrison's deck!  Garrison doesn't like losing, so he will start with Raven Companion and Reflex Hammer in play to improve his chances of winning.
92767	Battle Master Card Duelist Garrison Gold and his Tournament Deck. Be the first to score 12 points to win the match and one of Garrison's Hero cards!
93003	[*player*], I'm glad you're here! My brother's gone missing! I haven't seen <font color='#D9781A'>Little J</font> since I sent him to fetch supplies. He should have been back by now.<BR><BR>You'll help <font color='#D9781A'>find him</font>, won't you?
93004	Little J is Missing!
93005	Help Big J find his little brother, Little J.
93018	Find Little J
93022	Return to Little J
93023	Give the recovered supplies to Little J
93028	Little J couldn't have gone far! Please find him for me!
93037	Gather reports from various Snowhill citizens for the mayor.
93040	Gather reports from various citizens in Snowhill for the mayor. 
93045	Report from Flynn
93101	DemoDriver Q8 - Snowhill - DCronkhite
93117	Snowhill is near. They may cause trouble.
93126	Brrrr, I swear it's colder up here than it is down in Snowhill. So cold in fact that I didn't want to take my gloves off to fill out my report!<BR><BR>Tell you what. If you bring me a cup of piping hot chocolate from Carrie's juice bar, that might warm me up enough to fill out my report. Sound like a deal?
93168	Report from Therin
93195	[*player*], we're all so proud of everything you've done to help out the town of Snowhill!<BR><BR>As a token of my appreciation, I'd like to reward you the <font color='#D9781A'>Key to the City</font>!<BR><BR>Go ahead and <font color='#D9781A'>find</font> our local Blacksmith, <font color='#D9781A'>Smitty</font>. His forge is near Singing Crystal Mines. He should be finished polishing it up for you by now!
93202	The mayor would like to reward you with the key to the city of Snowhill.
93214	Deliver Snowi's fliers to various Snowhill citizens.
93219	Hand out some of the fliers that are next to Snowi in Snowhill.
93221	Snowhill - Show Promoter 2 - jsanchez
93222	Deliver a flier to Steele
93224	Deliver a flier to Tevin
93226	Deliver a flier to Downey
93228	Deliver a flier to Mr. Twinkle
93230	Deliver a flier to Loryn
93232	Deliver a flier to Annabelle
93234	Promote Bruce's show by quickly delivering all of the fliers before time runs out!
93240	Return to Snowi
93245	Show off your music talent for Snowi.
93248	Show off your music talent for Snowi in Snowhill.
93251	Return to Snowi 
93357	They used to call me &quot;Defender of Snowhill&quot;.<BR><BR>I was a fighter, like you, but I'm too old for that now.<BR><BR>I'll give you a few of my old medals if you'll <font color='#D9781A'>defend Snowhill</font> from the <font color='#D9781A'>wolves</font>.
93359	Keep Snowhill safe from wandering wolves.
93362	Keep Snowhill safe by defeating wandering wolves!
93365	Return to Jonathon Forkpath
93373	I swore I saw some <font color='#D9781A'>yeti wandering about nearby! Next thing you know they'll be raiding Snowhill. I need you to teach them a lesson at once!<BR><BR>[off until we have wandering yeti]
93378	Snowhill - The Yeti Menace - jsanchez
93624	Speak to Smitty
93741	I'd like to send you to see Michi, but it would be best if you were more experienced first.  Attain level 15 and then come see me again.
93922	I'm trying to find the next big talent before my sister, Snowi, does. I think <font color='#D9781A'>Electra Dozen</font> has what it takes to be the next big star. <BR><BR>Will you <font color='#D9781A'>ask her to apply</font> for the talent show for me? 
93969	Traveling to the frosty peaks of Snowhill, [*player*] met up with Michi.
94037	Snowhill Complete
94087	Thank you for coming. It's not a pretty sight up there in Snowhill with the spirit of Fastvi missing. Who's going to protect the snowy villages now?
94098	Something has happened in Snowhill. Speak to Sir Whittington in Sanctuary for further details.
94100	Buy a Blue Singing Crystal from Therin.
94101	Dwarves love the singing crystals found in Snowhill.
94102	Return to Fastvi in Snowhill
94140	From the Snowhill stage to the Snowhill hot springs, there's never a dull moment at Snowhill.  See what's going on at these locations.
94141	Snowhill Stage
94549	Talk to Snowi
94550	Sandi has asked you to deliver a letter to Snowi in Snowhill.
94551	Can you <font color='#D9781A'>deliver this letter</font> to my sister <font color='#D9781A'>Snowi</font> in <font color='#D9781A'>Snowhill</font>? <BR><BR>We're competing to find the next big talent and I want to know what's up her sleeve. 
94553	Sandi has asked you to deliver a letter to her sister, Snowi in Snowhill.
94554	Ha! My sis is good, but she can't compete with me! Just listen to Bruce, he's awesome!<BR><BR>I'll make sure to write back, thanks for the delivery!
94555	Have you delivered my letter to my sister, Snowi yet? You can find her in Snowhill.
95116	Confronting Trixi may be an easy task for [*player*], but getting rid of miner terrorizing bats might be another story.
95117	#Cap([*player*]) may be able to make quite the warrior weapon, but it wont help Brody Sparfist with his bat phobia.
96176	Ernie's Blue Ring
96177	Ernie's Green Ring
96178	Ernie's Grape Ring
96179	Ernie's Yellow Ring
96180	Ernie's Mustard Ring
96181	Ernie's Orange Ring
96296	Ernie's Blue Necklace
96297	Ernie's Green Necklace
96298	Ernie's Grape Necklace
96299	Ernie's Yellow Necklace
96300	Ernie's Mustard Necklace
96301	Ernie's Orange Necklace
100058	Hmm. I don't have as much money as I thought. I can't purchase your goods. <BR><BR>I know someone else that may want them though. <font color='#D9781A'>Check with Sorin</font> in the <font color='#D9781A'>Singing Crystal Mines</font> in <font color='#D9781A'
100068	Unfortunately, Andrew doesn't have enough money to buy your silver dust, however he knows someone named Sorin in the Singing Crystal Mines in Snowhill that might be interested.
100073	Sorin at the Singing Crystal Mines in Snowhill might be interested in buying your silver dust.
100076	Talk to Sorin
100078	I am really sorry for all the trouble. Like I said though, Sorin might be able to purchase your silver dust. He is in the Singing Crystal Mines in Snowhill to the north. Go pay him a visit.
100171	Sandi and her sister Snowi are competing to see who can discover the next big talent. She challenges you to try your skills by giving a free performance right here on the boardwalk. 
100203	Mayor Crystalline in Snowhill wishes to speak with you.
100206	Use your Pummel ability to defeat Ice Trolls in Snowhill's Snowy Canyon.
100226	Gain the trust of Sampson Idlefist south of Snowhill  
100269	[*Player*] has gained the trust of the fraudulent brawler Sampson.
100305	Sampson Idlefist in Sanctuary wants you to collect his &quot;protection&quot; money.
100306	[*Player*] confronted the crooked Sampson Idlefist, and proved to be the mightier of the two!
100320	Defeat Sampson Idlefist in battle!
100324	Return to Mayor Crystalline in Snowhill
100338	Confront Sampson Idlefist outside of Snowhill.
100347	Let Jeni Shortfuse in Snowhill know that she was released from ice troll duty.
100422	You need to get thirty iridium chunks from the robgoblins in Deep Mines, thirty dark essences from sinister hounds in the Vale of the Ancients and then gather 5,000 gold and take it to Smitty to get your new weapon. Good luck!
100484	Defeat Snognosh in the Howling Hills of Snowhill
100580	As a Warrior, defeat the Frostfang Snarlers wandering the mountains south-east of Snowhill.
100585	Find Steele in Snowhill to continue your weapons training.
100633	Defeat some thugawugs as a warrior, so that Aster can pass and deliver the weapons to Snowhill.
100780	Talk with the oldest folks in Snowhill.
100783	The keys to summoning Fastvi lie in Frostfang Caverns, near Snowhill. Equip your warrior gear and set out for adventure!
100814	Therin in Snowhill has the crystals you need to help repair Fastvi's weapon.
100867	As a warrior, collect the components necessary to re-enchant Fastvi Frostflutter's axe. 
100886	Show Drill Sergeant Dewey in Snowhill your best battle cry.
101112	Therin in the Singing Crystal Mines wants you to use the mining practice tools to his left. 
101117	Visit Trixi in the Singing Crystal Mines to find out if she has any mining gear for you.
101229	All right... I think you're ready for a crack at Sparks Blitzwing in Snowhill.<BR><BR>He's one of the best mechanics there is, so you can bet his kart will be at peak performance. Don't get overconfident!<BR><BR>Keep an eye out for me...I may come try and sneak into another race against you just to keep you on your toes!
101231	Travel to Snowhill to face off against their champion racers!
101237	<*Player*> has defeated Sparks Blitzwing in a race at Snowhill Raceway.
101244	Find miner tools inside of the Bat Caves in Snowhill.
101245	Trixi placed an order with Smitty, the Blacksmith, but needs the tools now. 
101300	Inspect the Deep Mine's right tunnel in Snowhill.
101303	Snowhill's top racer needs some real competition!
101315	Rescue Burlen from the Deep Mines in Snowhill.
101327	<*Player*> has defeated Amber Violet in a race at the Snowhill Raceway!
101385	Do what you can to help save the people kidnapped near Snowhill as a Ninja.
101494	Confront Tavil in the Deep Mines of Snowhill as a Ninja.
101521	Deliver Sakka's note to Michi in Snowhill.
101526	As a Ninja, help Annabelle in Snowhill with the problem she's having.
101537	As a Ninja, head into the Howling Hills near Snowhill and retrieve the stolen medicine.
101567	Sampson's Sweep
101573	Sampson's Pummel
101574	Pummel ability for Sampson Idlefist (deprecated)
102029	Go to Hot Springs Haven, in Snowhill and beat up Umari.
103003	Snowhill Treasure Key
103051	Deliver Smitty's package to General Glowlight in Sanctuary
103057	Find Rudolfo south of Snowhill and answer his ultimate footrace challenge!
103058	Click on the mailboxes near Loryn
103062	Escort Marcus through the Hot Springs Haven in Snowhill.
103092	Loryn wants you to deliver a package to Private Driple, but you can't read the address. You'll have to find him. 
103093	Go into Snowhill's Deep Mines and take dynamite away from robgoblins.
103102	Retrieve mineral water from the Hot Springs Haven in Snowhill.
103104	Go to the Snowhill hot springs and recite Willie's poem to Carrie.
103108	Get Carrie a present from the crate by Willie's house in Snowhill.
103111	Drop cleaning tablets into the yeti pools inside of Snowhill's Hot Spring Haven.
103113	Have you spoken with Michi yet? That sword might be hers...
103117	Deliver a Sizzling Snowberry Saute to Ryn, Mayor Crystalline, Loryn, and Frostpetal. 
103151	Head to the springs in Snowhill to fill up the bucket with water.
103286	hidden collection: Snowhill Treasure Key
103345	Snowhill Treasure Chest
103383	Sampson Idlefist thinks no one can defeat him! Knock some humility into him!
103385	Defeat Sampson Idlefist.
103386	You will need to defeat Sampson Idlefist to be victorious.
103449	Find Yaren's student in Snowhill.
103453	Ask the mayor of Snowhill about Yaren's student
103454	Maybe Mayor Crystalline in Snowhill knows who Yaren's student is.
103455	Yaren's student? That would be <font color='#D9781A'>Morgulg Whumperbump</font>.<BR><BR>You can usually find the two training over by the Crystal Barrier.
103476	Speak to Morgulg in Snowhill
103477	Mayor Crystalline says Morgulg can usually be found training with Yaren by the Crystal Barrier.
103480	<font size='12'>*mumble*... let's see... if <font color='#D9781A'>Yaren's student</font> over in <font color='#D9781A'>Snowhill</font> can make me more money... then how do I get him to trade? *mumble*</font>
103503	Return to Morgulg in Snowhill
103504	Let Morgulg in Snowhill know that Yaren has been successfully unfrozen!
103505	Talk to Yaren Sunstare in Snowhill
103513	I thought I told you to skedaddle? Go talk to <font color='#D9781A'>Morgulg</font> in <font color='#D9781A'>Snowhill</font> about what you need to do.
103845	As a wizard, find Morgulg's wand in Floren Forest
103846	Morgulg dropped his wand in Floren Forest, right next to Pixie Nursery.
103847	Return the wand to Morgulg in Snowhill
103849	Speak with Yaren Sunstare in Snowhill
103865	Hopefully Morgulg is near the <font color='#D9781A'>Snowhill warpstone</font>.
103930	Seek out Garrison Gold in Snowhill.
103931	Seek out Garrison Gold 
103932	Garrison Gold calls Snowhill his home.
103933	<font color='#D9781A'>Garrison Gold</font> in <font color='#D9781A'>Snowhill</font> won't be happy with the Crew reforming. He doesn't think that cards should be a game for the masses. I say he's a few cards short of a deck, if you know what I mean!<BR><BR>Make sure Garrison isn't posing a problem by <font color='#D9781A'>beating him in a match</font>.
103935	Bry wants you to head to Snowhill and play a match against that pigheaded Garrison Gold.
103938	You can find Garrison Gold in Snowhill in case you were wondering...
103942	Do whatever it takes to get a match with Garrison Gold.
103945	See if Perry will give you a pig at the farm just outside of Snowhill.
103949	Garrison Gold can be found in Snowhill
103958	Find Flynn's noise permit in Snowhill.
103961	Find the Mayor near the Town Hall to learn more about Snowhill. 
103971	Clara wants you to tell Flynn to turn down the volume of Bruce's performance, or she will complain to the mayor. 
104026	Rescue penguins from the Howling Hills in Snowhill.
104051	Speak to Garrison Gold
104053	Collect dressing room items in Snowhill.
104054	Gerold
104057	Save Lailu inside Frostfang Caverns in Snowhill.
104070	Find everyone in the Snowhill Secret Society.
104072	Throw hot water on the evil snowmen that are roaming Snowhill.
104078	Find stolen turnips in the Snowy Canyon, north of Snowhill.
104094	Get Carrie some flowers from the Pixie Nursery.
104135	Talk to Ranger Ricardo at the Ranger Station in Highroad Junction, near the road leading to Snowhill.
104145	I've heard that Harold's twin brother, <font color='#D9781A'>Gerold</font>, is also having trouble with some dangerous animals.<BR><BR>If you want to lend him a hand, take the north road toward <font color='#D9781A'>Snowhill</font> and I'm sure you'll run into him.
104147	Harold's twin brother Gerold is having some trouble with wolves south of Snowhill. Find him and see what you can do to help!
104151	The local Frostfang population has been growing bolder, and many can now be found amongst the fields south of Snowhill. This could become very dangerous if someone doesn't do something to stop them!
104153	We need to report this wolf problem to Snowhill.<BR><BR>Will you <font color='#D9781A'>talk to Tevin</font> about it? He's at the town hall, near the center of <font color='#D9781A'>Snowhill</font>, to the north.
104155	Gerold has asked you to deliver his report on the Growler situation to Assistant Mayor Tevin in Snowhill.
104162	Snowhill Showdown
104165	Perry can be found at the farmstead just outside of Snowhill.
104173	Card Duelist: Snowhill Showdown
104178	Talk to Sampson
104180	Master card duelist, Garrison Gold, isn't so slick; losing a game using his best deck against the up-and-coming card duelist, [*player*].
104184	Garrison says Shifty the Shuffler is in Wugachug, which is west of Snowhill.
115028	Unfreeze Keldon with water from the hot springs at Snowhill.
115350	Still looking for <font color='#D9781A'>Gerold</font>?<BR><BR>His camp should be <font color='#D9781A'>north of here</font>, along the road to Snowhill.
115354	Have you <font color='#D9781A'>delivered that report</font> to Tevin?<BR><BR>Please hurry, the people of Snowhill should be warned of the Frostfang threat! <font color='#D9781A'>Tevin</font> should be near the town hall at the center of <font color='#D9781A'>Snowhill</font>, to the north.
115482	As a brawler, find Gerold along the road leading north into Snowhill.
115484	As a brawler, knock out Frostfang Growlers to the east of Gerold.
115486	As a brawler, find Tevin near the town hall in Snowhill to the north.
115619	Talk to Gerold
115620	Find Gerold at his ramshackle camp, north along the road to Snowhill, and help him with his wolf problem.
115623	There are Frostfang Growlers threatening the farmers south of Snowhill! So far the wolves haven't hurt anyone, but that doesn't mean they won't. Knock a few of them out so that they won't be as likely to stay in the area.
115624	Return to Gerold
115625	Return to Gerold, south of Snowhill, and tell him of your success against the Frostfang Growlers!
115689	Snowhill Dropped Mail
115690	Find out who or what in Snowhill is responsible for the contamination.
115711	Talk to Tevin
115712	Gerold needs to keep on eye on the Growlers for a little while longer, but someone in Snowhill should see his report! Find Assistant Mayor Tevin in front of the town hall building at the center of Snowhill.
115864	Grab a sandwich from Lucca De'Flor for Leek Thistleore.
115871	Find Mr. Twinkle
115877	Find Snowi
115882	Administer medicine to the sick residents of Snowhill!
115990	Postman IWMG 6.2 description - Snowhill
116140	Visit the springs in Snowhill.
116230	[*player*] braved the dangers of the Floren Forest to help return Morgulg's lost wand.
116752	Rescue the trapped villagers from the Howling Hills and return to Fastvi Frostflutter outside of Frostfang Caverns when you are done.
116757	Yeti thieves are harassing the travelers of Snowhill! Find and defeat them!
116832	The Ice Trolls keep sending scouts to spy on the people of Snowhill! Find and beat up one of their scouts and show the Ice Trolls what happens when they mess with Snowhill!
117172	Defeat your foes at the Hot Springs Haven in Snowhill as a Ninja.
117253	Complete the Snowhill Shooshbooming course and try to get the fastest time!
117257	Tad Slopeslider
117259	Complete the Snowhill Shooshbooming course.
117737	Snowhill Pioneer
117923	Complete exploration collection:  Snowhill 
119057	Speak with Smitty in Snowhill to learn how to become a Blacksmith
119068	Speak with Therin at the Singing Crystal Mines in Snowhill to learn how to become a Miner
119075	Speak with Drill Sergeant Dewey in Snowhill to learn how to become a Warrior
119094	Find all Rare Exploration coins in Snowhill
119247	Paper Bag Candy Carrier
130231	One of our chugs fell asleep on the job and woke up covered in stamps. He had &quot;C U in Snowhill!&quot; written on his face!<BR><BR>We think this is a threat from the PCA. You must warn <font color='#D9781A'>Loryn</font> in <font color='#D9781A'>Snowhill</font>!
130233	Warn Loryn in Snowhill of a coming PCA attack!
130240	Talk to Loryn
130241	He is by the post office in Snowhill.
130261	Report to Loryn in Snowhill
130265	Help Loryn clean up the mail disaster in Snowhill.
130269	Help Loryn clean up the mail mess in Snowhill.
130283	Help Loryn get all the mail sorted and clean up this disaster.
130287	Sort the mail for Loryn in Snowhill.
130290	Complete the Snowhill Mail Sorting minigame
130292	Speak with Loryn
130294	The Snowhill route has become a dangerous place with the PCA on the loose. It's time to fight back, and we're going to fight dirty!<BR><BR>We're going to turn you into a <font color='#D9781A'>dog</font> to <font color='#D9781A'>chase away the PCA</font> while on your route!
130299	Bite those PCA postman and get the Snowhill mail through!
130603	Buy a Red Singing Crystal from Therin.
130604	Therin is always busy at the mines in Snowhill.
130731	Vaelen Warpwatcher
130743	PCA Tricksters are using explosive fireballs to blow up the mailboxes in Snowhill! Fortunately you've been given Wolf and Chihuahua Mail Morph powers to strike back at them. Use Chihuahua form for speed. Transform into the wolf and then click on the Tricksters to terrorize them!
130790	Are you interested in learning more about being a brawler? Then you should go find my old partner, <font color='#D9781A'>Petra</font>, out in <font color='#D9781A'>Blackspore</font>.<BR><BR>Blackspore is pretty far away, but there's a druid in town that can help with that. Find <font color='#D9781A'>Vaelen Warpwatcher</font> and see if he can teleport you there.
130792	Gerold spoke highly of your skills as a brawler in his report, and Tevin has suggested you continue improving those skills. His old partner, Petra, can help you with that. Find her in the swamps of Blackspore.
130793	Tevin? Wow, I haven't heard from him in years!<BR><BR>Sure, I can teach you more about being a brawler, but first I need to know you can handle yourself in a fight.
130796	Talk to Vaelen Warpwatcher
130797	Find Vaelen near the Snowhill warpstone, south of Tevin. With the help of a fellow researcher, he's managed to develop a spell that can teleport anyone to any warpstone in the world!
130799	Petra is a veteran brawler from Tevin's past. When he went into politics, she went to Blackspore. Her time in the swamp has turned her into a fierce combatant, and there's probably a lot she can teach you about brawling!
130827	Please purchase a red singing crystal and a blue singing crystal from Therin in Snowhill and then return to me.
130844	Talk to Smitty in Snowhill.
130865	Buy a polished handle from Smitty
132280	This item can be added to the Rare Snowhill Flowers Collection
132302	This item can be added to the Snowhill Leaves Collection
132307	This item can be added to the Snowhill Pixie Doll Collection
132313	This item can be added to the Snowhill Human Doll Collection
132324	This item can be added to the Snowhill Queen Doll Collection
132377	This item can be added to the Snowhill Water Samples Collection
132401	This item can be added to the Snowhill Liquid Concoction Collection
132407	This item can be added to the Snowhill Mixture Collection
132491	This item can be added to the Snowhill Tulips Collection
132492	This item can be added to the Snowhill Roses Collection
132493	This item can be added to the Snowhill Daisies Collection
132494	This item can be added to the Snowhill Sunflowers Collection
132495	This item can be added to the Snowhill Daffodils Collection
132496	This item can be added to the Snowhill Lilies Collection
132497	This item can be added to the Snowhill Orchids Collection
132498	This item can be added to the Snowhill Carnations Collection
132500	This item can be added to the Exotic Snowhill Flowers Collection
132505	This item can be added to the Snowhill Protector Collection
134531	Cinnamon Saw
139270	You have some talent, [*player*]! You might even have what it takes to impress the royal chef, <font color='#D9781A'>Bordon Cloo</font>!<BR><BR>He's in <font color='#D9781A'>Sanctuary</font>, which is pretty far away, but there's a druid in town that can help with that. Find <font color='#D9781A'>Vaelen Warpwatcher</font> and see if he can teleport you there.
139272	Deliver Bumbleberry, Gummyfruit, and Spiralmint to Bordon Cloo, the famous royal chef of Sanctuary! Vaelen Warpwatcher can help you get there quickly!
139285	Find Vaelen near the Snowhill warpstone, northeast of Perry. With the help of a fellow researcher, he's managed to develop a spell that can teleport anyone to any warpstone in the world!
139451	Linnie
139473	Head to the Hot Springs Haven, up in Snowhill, and defeat its inhabitants.
139501	What are you still doing here?  Head up to Snowhill and help save the kidnapped captives!  Frostpetal may know more.
139516	Head to the Deep Mines in Snowhill and confront Tavil!
139582	Please deliver my note to Michi.  She's up in Snowhill.
139588	I'm hoping you can help Annabelle with her problem. I feel partially responsible for her husband's behavior.
139612	Have you spoken to Silversnow, Milo, and Steele yet? You better get a hurry on. 
139651	Have ya spoken to Trixi yet?
139749	Talk to Therin at Snowhill to become a miner.
139754	Find Therin at the Singing Crystal mines in Snowhill.
139813	Deliver Sandi's letter to her sister Snowi in Snowhill.
139840	Perry's Pastures is located just south of Snowhill, far to the north of here.<BR><BR>You can harvest Snowberry and Starnut at Perry's Pastures.<BR><BR>Spiralmint and Stainberry can be found easily in Snowhill. Gummyfruit and Rainleaf can be found by doing a good job harvesting.
140007	Wild Fang has left Frostfang Caverns and is harrassing the people of Snowhill.  Drive him back to his home!
140018	Snowhill Villager
140263	Have Lucca De'Flor review your meals. He can be found at his restaurant in Snowhill.
140711	Return to Willie
140719	Flowers from my secret admirer? How sweet! What is his name?<BR><BR>Willie? Maybe I will give him a chance. He will need to make sure not to write any more poetry though.
140740	Sorry, no time for chit chat! The Hot Springs is a mess, and don't get me started on the post office!<BR><BR><font color='#D9781A'>Talk</font> to <font color='#D9781A'>Tevin</font> if you're looking for work. We can use the help! 
140767	I guess I don't really need help from Mayor Crystalline anymore.<BR><BR>Would you mind <font color='#D9781A'>thanking Tevin</font> for me?
140768	Big J Says Thanks
140769	All is well with Big J at the bait shop. Return to Tevin and let him know.
140770	It's so nice to formally meet you, [*player*].<BR><BR>Tevin and I sure do appreciate the help.
140776	Let Tevin in Snowhill know that Big J says thanks.
140777	Great job over there with Big J!<BR><BR>The <font color='#D9781A'>mayor</font> is impressed with your work and would like to <font color='#D9781A'>talk</font> to you.
140780	Return to Tevin
140782	Speak with the mayor of Snowhill
140785	Tell Tevin that the mayor can send help whenever she wants.
140812	Return to Tad Slopeslider
141033	You haven't taken off for Snowhill yet?  Might want to bundle up while searching for ice lotus.  It's cold up there!
141064	Not all of the glorious junk you brought me is familiar. I've never seen this <font color='#D9781A'>key</font> before. It says, <font color='#D9781A'>&quot;Return to Mayor Crystalline if found&quot;</font>.<BR><BR>I guess you should take it back to her. We're borrowers, not thieves, after all.
141066	Nurble discovered a key to the city of Snowhill within the junk you recovered for him. It apparently belongs to Mayor Crystalline. Return it to her in Snowhill.
141070	Honesty is the best policy, and it proved to be rather rewarding for [*player*] when #he([*player*]) returned a lost key to Mayor Crystalline.
141072	Return the key to Mayor Crystalline in Snowhill.
141074	Return the key to Mayor Crystalline
141076	Return the key to Mayor Crystalline in Snowhill. I have no need for it.
141079	It seems honest Brawlers are hard to come by. <font color='#D9781A'>Jeni Shortfuse</font> recently tried to swindle some of the townsfolk out of some coin. She doesn't seem so bad, but she could use a little guidance from someone like you. <BR><BR>Would you mind <font color='#D9781A'>talking to her</font>? We put her on Ice Troll duty at Howling Hills to repay her debt.
141081	Mayor Crystalline wants you to talk to a troubled Brawler named Jeni Shortfuse, who is stationed near Howling Hills on Ice Troll duty.
141082	This whole thing is Sampson Idlefist's fault. He sent me to Snowhill to sell Sorin some gems, and promised me that he would deliver the goods at a later time. He never did and I got blamed for the whole thing.
141085	Help the troubled Brawler, Jeni Shortfuse, who's on Ice Troll duty outside of Howling HIlls.
141086	Talk to Jeni Shortfuse
141090	Return to Jeni Shortfuse
141094	Please talk to Jeni Shortfuse. She can be found near the entrance to Howling Hills, not far from here.
141190	Head over and <font color='#D9781A'>talk to Sorin</font> in the main area of these mines.
141194	Not done with the delivery to Shimmer Shinyaxe in Dartmoor, I see.<BR><BR>If you need more turquoise you can mine it up here in the Singing Crystal Mines.<BR><BR>If you still need some malachite, I've heard that rarely found veins of Copper in the wilderness outside Snowhill sometimes have malachite with them.
141252	Come see the largest chef tool collection in Snowhill!
141264	Deliver a flier to Mayor Crystalline
141266	Deliver a flier to Senari
141268	Deliver a flier to Tad Slopeslider
141270	Deliver a flier to Big J
141274	Deliver a flier to Marcie
141276	Deliver a flier to Milus Featherfeet
141278	Deliver a flier to Clara Chatterhag
141280	Deliver a flier to Cinn
141303	You've done all that we can expect of you.<BR><BR>Head to Snowhill and speak with Therin at the Singing Crystal Mines.
141388	Doesn't Steele realize this is an inn, and not his personal storage area? I don't even have the weapons crates because some robgoblins ran off with them. I can't be held responsible.
141403	You better go catch those robgoblins if you want to get Steele's weapon crates back.
141687	It was an interesting story, wasn't it?<BR><BR>I was hoping that it would inspire Morgulg a little.
141724	Return to Yaren in Snowhill
141725	Let Yaren Sunstare know what you've learned about Spellstruck Halls.
141752	Snowhill needs the help of a veteran warrior. I admire your zeal to help out, but please come back when you are stronger. I could not in good faith send you into such danger without you being prepared.
141754	Did you talk to the old folks in Snowhill yet? They are sure to have some stories about Fastvi when he was alive and kicking.
141802	Tournament Schedule<BR><BR>Watsea vs. Riley - Seaside - Ocean Treasures Cafe<BR>Dalar vs. Kimmy - Snowhill - Luca's Lounge<BR><font color='#D9781A'>Sam Potts vs. Jili - Sanctuary - Jacque's Cafe
150162	This is a Therin's Tempered Circle Shard item.
150165	This is an Ernie's Tempered Circle Shard item.
367626	Return to Fastvi Frostflutter
383163	#Cap([*player*]) has left the most respected foodie, Lucca De'Flor, craving more of #his([*player*]) satisfyingly fried dishes.
383188	Have you talked to Flynn yet? That noise is driving me crazy!
383193	Therin can be found within the Snowhill Singing Crystal Mines.
383204	Have you gotten the food for me yet? You can find honey in Sanctuary and Lucca De'Flor in Snowhill.
384083	[*player*] helped clean up the mess the penguin postmen made of the mail system in Snowhill!
384084	[*player*] is a better mail sorter than all the Snowhill penguins combined!
384164	Smitty must think [*player*] is ready to take on hefty work orders. He already has #him([*player*]) constructing Spunky Scrapper Hammers.
384189	Smitty may not admit it, but he is a great blacksmith trainer.
384190	Find Therin at the Singing Crystal Mines for sparkling gems and ores galore!
384318	<font color='#D9781A'>Vaelen Warpwatcher</font> should be near the <font color='#D9781A'>Snowhill warpstone</font>, south of here.<BR><BR>To be honest, I don't think he's been more than a couple feet from the thing since he arrived!
384439	Click on Lealin to finish the game.
384744	Have you talked to <font color='#D9781A'>Vaelen</font> yet? He should be near the <font color='#D9781A'>Snowhill warpstone</font>, northeast of here.<BR><BR>I've heard he's a well respected historian from Shrouded Glade. He must know what he's doing with a reputation like that!
385625	Talk to Flynn about Bruce's noise level.
385662	Freddy MacIsaac
385679	My brother and I have created an amazing spell. It uses warpstone technology to send anyone to any warpstone anywhere!<BR><BR>At the moment we're testing it between <font color='#D9781A'>Snowhill</font> and <font color='#D9781A'>Sanctuary</font>. Would you like to be our next test subject? Today's success rate is at an impressive 72%!
385681	Vaelen Warpwatcher is testing out a new spell with his brother Kellin. Unfortunately there are still a few kinks in the spell and they need test subjects to help iron those out. Help them perfect their spell!
385683	#Cap([*player*]) felt the effects of unstable geomantic magic when #he([*player*]) helped Vaelen Warpwatcher test out a new experimental spell!
385689	Would you like to participate in a little experiment? My brother and I have created a spell that can send anyone to any warpstone anywhere!<BR><BR>Right now we're studying how well it works between <font color='#D9781A'>Snowhill</font> and <font color='#D9781A'>Sanctuary</font>. So far tests have been good. We've only had three accidents today!
385690	Snowhill Warp Tests
385695	After Kellin has teleported you to Snowhill, find his brother Vaelen Warpwatcher.
385746	Casts flavor effect for Snowhill
385748	Wait a minute. What are you doing here, #Cap([*player*])?! Did the spell work? Did you make it to <font color='#D9781A'>Snowhill</font>?<BR><BR>Ugh... this spell is so finicky! Sorry for that unexpected side effect, but at least I got you to the right warpstone! My brother <font color='#D9781A'>Vaelen,/font> will surely offer you something for helping if you talk to him.
385757	Warp to Snowhill
385767	Hidden - Snowhill Warp Effect
385894	Thanks for offering to help out <font color='#D9781A'>Big J</font> at the <font color='#D9781A'>Ice Skating and Bait Shop</font>!
386041	Keep working on that Valiant Guardian Cudgel. Give it to Brody Sparfist once you're done.
386277	Snowhill Rare Exploration
386451	Smitty's Hiding Place
386533	Now that you appear to have gained Sampson's trust, you must get a recording of something he says that may be proof of his shady dealings. Go back to Sampson and do some of his dirty work for him.
387123	The only thing that would make this vacation any better, is if Bruce played a show in Lakeshore!
387235	Achieve level 20, then return to Michi.
387239	Return to Michi for further instructions and training.
387260	Your cooking career will continue once you have reached level 15 as a Chef. Return to Lucca De'Flor at that time.
387279	Reach Level 15 as a Chef, then return to Lucca De'Flor.
387283	Head back to Lucca De'Flor to continue your cooking career!
387372	Your brawling training will continue once you have reached level 10 as a brawler. Return to Mayor Crystalline at that time.
387376	Your brawling training will continue once you have reached level 15 as a brawler. Return to Jeni Shortfuse at that time.
387381	Reach level 10 as a brawler, then return to Mayor Crystalline.
387398	Reach level 15 as a brawler, then return to Jeni Shortfuse.
387434	Your warrior training will continue once you have reached level 5 as a warrior. Return to Steele at that time.
387437	Reach level 5 as a warrior, then return to Steele.
387446	Your mining career will continue once you have reached level 5 as a Miner. Return to Sorin at that time.
387493	Reach Level 5 as a Miner, then return to Sorin.
387505	Head back to Sorin to continue your mining career!
387552	Your mining career will continue once you have reached level 5 as a Blacksmith. Return to Brody Sparfist at that time.
387580	Snowhill needs the help of a veteran warrior. I admire your zeal to help out, but please come back when you are a level 15 warrior.<BR><BR>In the meantime, you should go talk to Caleb Sleepyswing. He should have some tasks for you.
387598	Your warrior training will continue once you have reached level 20 as a warrior. Return to Fastvi Frostflutter at that time.
387601	Reach level 20 as a warrior, then return to Fastvi Frostflutter in Snowhill.
387615	Reach level 5 as a blacksmith, then return to Brody Sparfist.
387618	Return to Brody Sparfist
387619	Head back to Brody Sparfist to continue your blacksmithing career!
387767	Exotic Snowhill Flower
387983	Annabelle in Snowhill has asked you to catch her husband and send him home for dinner!
388047	Speak to Loryn in Snowhill. We have to know if the PCA is behind this!
388063	In cold climates like Snowhill people are prone to catch the flu if they aren't immunized.<BR><BR>Why don't you travel to <font color='#D9781A'>Snowhill</font> and <font color='#D9781A'>speak with Mayor Crystalline</font>. She'll have a list of people that are way past due.
388226	Return to Michi
388287	Hey, guess what I heard? The city of Snowhill sent out an SOS. Drive off some Elder Deep Bats and Swarming Shriekers at the <font color='#d9781a'>Bat Caves</font>. <BR><BR>Say... while you're up there... can you head into the <font color='#d9781a'>Deep Mines</font> for me? Collect some staffs from the robgoblin wizards there for me.
388289	Natali wants a wizard to defeat opponents in the Deep Mines and Bat Cave at Snowhill. 
388304	As a wizard, defeat opponents in the Snowhill Deep Mines and Bat Cave.
388368	The warrior camp is under attack and the fight shows no signs of slowing down! Our recruits in Snowhill can't defend themselves, and the ice trolls have us outnumbered.<BR><BR>We need every able-bodied warrior fighting. Grab your weapon and get moving!
388369	Contract: Defending Snowhill
388370	Caleb needs all able-bodied warriors to help defend the recruit camp in Snowhill from ice trolls, yetis, and snowmen.
388371	Your honorable actions give warriors everywhere a good name.<BR><BR>With any luck, and a little more fighting, we'll win the battle in Snowhill for good.
388399	Life in Snowhill isn't perfect. The locals are being terrorized by packs of angry wolves. And the only thing worse than the snarlers are the yetis, blasting their obnoxious rock music!<BR><BR>Knock them out... all of them.
388400	Contract: Trouble in Snowhill
388401	Ree Peatpants has asked you to defeat wolves and yetis in Snowhill.
388405	Ree Peatpants has asked you to defeat Cray Marauders and Fleetfoot Ninjas.
388409	Ree Peatpants has asked you to defeat the snakes and floren causing trouble near the Pixie Nursery.
388413	Ree Peatpants has asked you to defeat the Stealthy Despoilers in Seaside as well as Spider Trainers and Naturalists in Grexan's Camp.
388421	Defeat Frostfang Snarlers in Snowhill.
388423	Defeat Frostfang Growlers in Snowhill.
388425	Return to Ree Peatpants
388426	Return to Ree Peatpants in Snowhill.
388454	Ree Peatpants
388506	This bounty has you going to Snowhill to defeat some nasty ice creatures. <BR><BR>Get some warm brawler gear on and prepare for adventure!
388535	As a brawler, defeat Frosty Yetis, and Ice Trolls that wander the icy slopes Snowhill.
388537	Frosty Yetis can be found near Snowhill.
388539	Ice Troll Scouts can be found near Snowhill.
388604	As a warrior, head to the frosty north and remove some of the chillier threats to Snowhill.
388632	Stop the Yetis from pounding the residents of Snowhill!
388634	Angry snowmen have taken to the hills! Stop them from harming the residents of Snowhill.
388807	Meet with Ree Peatpants
388808	Meet with Ree Peatpants in Snowhill.
389001	As a ninja, defeat wolves and yetis in Snowhill.
389426	I swore I saw some <font color='#d9781a'>wandering yeti</font> harassing travelers nearby!<BR><BR>Next thing you know, they'll be raiding Snowhill! You must <font color='#d9781a'>drive them away</font> at once!<BR><BR>I'll give you <font color='#d9781a'>another medal</font> if you protect the town.
389428	Protect Snowhill from the wandering yetis that have been harassing travelers. Jonathon Forkpath has promised you another medal for this.
389432	Investigate the toppled snowmen that are around Snowhill. Jonathon Forkpath thinks that there's something suspicious about them.
389434	That's two <font color='#d9781a'>yeti</font> attacks in a row!<BR><BR>I think it's time to remind those yetis that Snowhill has defenders like us protecting it!<BR><BR>Go into the <font color='#d9781a'>Hot Spring Haven</font> and teach them a lesson!
389436	Go into the Hot Spring Haven and remind the yetis that Snowhill has defenders protecting the town.
389440	Find the troll that's stealing from Snowhill's tourists and teach him a lesson in manners.
389442	A troll scout could mean that more are coming soon!<BR><BR>You must go into the <font color='#d9781a'>Howling Hills</font> and knock some sense into the <font color='#d9781a'>trolls</font> before they attack Snowhill!
389444	Jonathon Forkpath thinks that the Ice Troll Scout might be the first wave of an attack. Go into the Howling Hills and let the ice trolls in there know that an attack on Snowhill would be a bad idea.
389445	I knew you could do it, [*player*]!<BR><BR>Here's my last medal! I'm proud to give it to a fellow &quot;Protector of Snowhill&quot;!
389455	Keep Snowhill safe by defeating wandering yeti!
389461	Investigate a suspicious-looking toppled snowman in Snowhill.
389470	Defeat yeti inside of Snowhill's Hot Spring Haven.
389477	Keep Snowhill safe from the wandering Ice Troll Scout!
389484	Defeat Ice Trolls in the Howling Hills, north of Snowhill.
389533	Milus Featherfeet said that a <font color='#D9781A'>wandering yeti</font> tried to steal his groceries.<BR><BR>A defender must <font color='#D9781A'>protect</font> everyone! Even grumpy old pixies like Milus!
389539	A <font color='#D9781A'>troll</font> tried to steal from me once. He quickly learned why I was called the &quot;Protector of Snowhill&quot;!<BR><BR>You're going to <font color='#D9781A'>teach</font> this one the same <font color='#D9781A'>lesson</font>, right [*player*]?
389606	I'm sorry, we don't keep penguins here. The climate isn't right, not to mention they distract the dogs during training.<BR><BR>Try talking to <font color='#D9781A'>Brin Galeglow</font>. I know the postmen in Snowhill use penguins to deliver mail. Maybe she's giving it a try.
389676	Wahhh! Gloria, Tommy! My fish! *Sniffle*
389743	Snowhill Defended
389749	Snowhill Guarded
389755	Snowhill Protected
389882	As much as I'd love to keep him all to myself, I think Aedon would be much happier in a snowy home. I hear there's a lady in <font color='#d9781a'>Snowhill</font> who takes care of penguins.<BR><BR>Do me a favor and take Aedon there. Hurry, before I change my mind!
389884	Cella Cedarnook wants you to take Aedon to Snowhill, where she thinks he will be much happier.
389887	Pick up Aedon and take him to Valinda in Snowhill.
389890	Take Aedon to Valinda in Snowhill
389894	Where did you find this guy? I'm surprised he survived on his own in Misty Mountain. That place is scary!<BR><BR>You can rest assured that he'll have a happy home here in Snowhill.
389896	Have you taken Aedon to Snowhill yet? Please hurry. The sooner he's with other penguins, the better.
390418	Snowhill Protector
390419	Doing whatever it takes to protect Snowhill is what this collection is all about.
391059	Sorin recognizes your bravery, and recommends that you offer your services to Queen Valerian.
391188	Arci Joan
391191	Arci Joan thinks you've come to learn her secret tower defense move, but before she'll tell you her secret move, she wants you to beat all the Easy Penguin Defense games on your own. Who knows? Maybe you'll come up with a secret move of your own!
391194	Complete each of the Easy Penguin Defense games for Arci Joan in Snowhill.
391204	Return to Arci Joan
391211	Arci Joan is well known for her tower building. She loves the Mail Penguin Towers and uses them to her advantage. She finds you worthy enough to learn her fish defense trick. Now, she wants you to use the trick to defend the smelly stockpile!
391213	Arci Joan has taught [*player*] her secret fish defense trick! #Cap([*player*]) has learned the trick by defending the smelly stockpiles in Snowhill!
391217	Complete each of the Medium Penguin Defense games for Arci Joan in Snowhill.
391268	Although Arci Joan is a talented Mail Penguin Tower builder, she hasn't mastered the final table. She's been playing for quite some time and can't manage to pull off her secret fish defense move. If you can pull off the trick, not only could she learn from you, but she might have a special reward for you!
391271	Complete each of the Hard Penguin Defense games for Arci Joan in Snowhill.
391824	What a match! You're off to a great start!<BR><BR>If you can <font color='#d9781a'>beat Garrison Gold's Creature Deck</font>, you'll advance to the next round. Head up to <font color='#d9781a'>Snowhill</font> and give him a run for his money!
391845	Garrison couldn't be happier if he never saw you again in Snowhill.
391883	My sister <font color='#D9781A'>Snowi</font> and I are always competing to see who can find the next big star. <BR><BR>If you went to <font color='#D9781A'>Snowhill</font> to show off, it would really make me smile.
391885	Talk to Sandi's sister, Snowi in Snowhill and let her see Sandi's next big star; you!
391889	Travel to Snowhill and talk to Snowi.
391892	Please hurry and talk to my sister, Snowi in Snowhill. I can't wait until she sees my next big star!
392130	Your look could use a little work, but other than that you're definitely ready to rock! <BR><BR>Let's show the people of Snowhill how a <font color='#D9781A'>Maestro</font> gets everyone to <font color='#D9781A'>feel the beat</font>!
392132	Snowi believes you have what it takes to become the ultimate conductor! Head to the music stand near the Snowhill stage and show her what you've got!
392134	They used to call me &quot;Protector of Snowhill&quot;.<BR><BR>I was a fighter, like you, but I'm too old for that now.<BR><BR>I'll give you a few of my old medals if you'll <font color='#D9781A'>defend Snowhill</font> from the <font color='#D9781A'>wolves</font>.
392139	Click on the music stand next the the stage in Snowhill and complete the &quot;Feeling the Beat&quot; minigame on Maestro difficulty.
392144	Speak to Snowi
392146	What are you waiting for? I can't wait to hear you perform! Use the music stand near the stage here in Snowhill to get started.
392262	[*player*] was dubbed &quot;Protector of Snowhill&quot; by Jonathon Forkpath and added some medals to #his([*player*]) collection!
393051	Snowhill Defender Pack
393052	Snowhill Defender Leggings
393053	Snowhill Defender Tunic
393054	Snowhill Defender Gloves
393055	Snowhill Defender Boots
393056	Snowhill Defender Cap
393333	Crash's teammate Tucker Thunderjolt is taking his sweet time getting ready for the big derby. You'd better go see what the hold up is.
393340	Crash needs some spare parts to help get his kart built. Willow Slamdash has plenty, but won't give them up easily!
393343	Tucker Thunderjolt isn't going to be very happy to learn the news of his teammate's crash.
393344	As a token of his appreciation, Tucker Thunderjolt has given you the name of a potential sponsor in Stillwater Crossing. It's up to you to prove that you're good enough to join the team!
393380	It looks like my only option is to build a kart from the ground up.<BR><BR>It won't be easy, but with your help I might be able to get one ready in time for the big derby.<BR><BR>I know <font color='#D9781A'>Willow Slamdash</font> always has spare parts, though I don't think she'll part with them easily. Are you willing to help me out?
393446	So I'm not losing it? Pirates really have taken over Tangletrack?<BR><BR>Well, I guess we'd just better pack up and leave. I hear Snowhill has a nice arena.
394016	See what the hold up is with Tucker Thunderjolt outside of Thunder Falls.
394023	Convince Willow Slamdash outside of Thunder Falls to fork over her spare parts.
394028	Meet your new teammates at the Frost Ridge arena just outside of Snowhill.
394033	Visit the team medic in Snowhill to ensure that you're safe to drive.
394058	Talk to Tucker Thunderjolt
394061	Return to Tucker Thunderjolt outside of Thunder Falls
394065	Talk to Jet Madedge
394079	Return to Tucker Thunderjolt
394092	Visit Garrison Gold in Snowhill
394289	I need those parts from <font color='#D9781A'>Willow Slamdash</font> as soon as possible. I won't be able to build my kart without them!
394299	You're not going to get back into that arena until a medic has checked you out. I've made you an appointment with <font color='#D9781A'>Garrison Gold</font> in <font color='#D9781A'>Snowhill</font>.
394463	Willow Slamdash won't give up her spare parts unless you knock her out during a derby.
394914	Autumn Mistflower
395062	Knock out Willow Slamdash 2 times
395291	Therin wants to reward his hard working Miners. Hand out some tickets to the race track before time runs out!
395331	Now I get to put you to work! We have a program at the <font color='#d9781A'>Singing Crystal Mines</font> in Snowhill where we reward the best miners each month with a prize!<BR><BR>This month it will be tickets to kart racing, and our very own racing celebrity will be handing them out! YOU!<BR><BR><font color='#d9781A'>Find Therin</font> in <font color='#d9781A'>Snowhill</font>, he'll fill you in on the details!
395333	To help support the Miner's Guild, you've been asked to award some kart racing tickets to the best workers! Therin in the Singing Crystal Mines of Snowhill should have the details for you.
395513	Talk to Willow Slamdash
395663	Show your muscles by flexing at a few citizens of Snowhill.
395668	Flex for Garrison Gold
395669	Use your flex ability in front of Garrison Gold in Snowhill.
395670	Flex for Marcie
395671	Use your flex ability in front of Marcie in Snowhill.
395672	Flex for Tanda T. Toes
395673	Use your flex ability in front of Tanda T. Toes in Snowhill.
395674	Flex for Snowi
395675	Use your flex ability in front of Snowi in Snowhill.
395676	Flex for Arci Joan
395677	Use your flex ability in front of Arci Joan in Snowhill.
395678	Flex for Spratt
395679	Use your flex ability in front of Spratt in Snowhill.
395799	Talk to Therin at the Singing Crystal Mines in Snowhill.
395811	Return to Therin
397960	Deliver to Sorin
397977	Therin runs things at the mine in Snowhill, he'll have the list of miners who've won the tickets!
398067	Deliver to Buren
398211	Therin's Barrel
398615	Click on Therin to let him know you've completed your deliveries.
401198	The Frost Ridge Speedway can be found outside of Snowhill.
401221	If you'd like to do some harvesting, head to Perry's Pastures outside of Snowhill!
401246	If you'd like to do some harvesting, head to Perry's Pastures just south of Snowhill!
401248	Perry's Pastures can be found south of Snowhill.
401275	If you want to play some tower defense, try Penguin Tower Defense in Snowhill.
401290	If you're up for a game of tower defense, head to Snowhill and try the Penguin Defense game.
401291	Find tower defense in Snowhill
401292	You can find the Penguin Defense games just outside the town hall in Snowhill.
401711	Snowhill Goalie
402605	The Snowhill <font color='#D9781A'>Snowspurs</font> took it easy on us last time... remember? The scrimmage? Now, it's the real deal and they want revenge! <BR><BR>&quot;Iron Foot&quot; Ronnie is a tough cookie and he'll knock you down any chance he can get. You'll need to <font color='#D9781A'>avoid his slide tackles</font> and <font color='#D9781A'>knock downs</font>.
402607	Coach Eddie wants you to beat the Snowhill Snowspurs again. This time, it's not a practice round. Watch out for &quot;Iron Foot&quot; Ronnie. He'll be out to get you!
402695	The soccer field gate can be found on the road near Snowhill. 
402749	Soccer: Snowhill
402784	The soccer field gate can be found by the road near Snowhill. 
402797	The soccer field gate can be found near Snowhill.
402805	Coach &quot;Golden Leg&quot; Eddie wants you to beat the Snowhill Snowspurs in a challenging soccer match. This time, it's no scrimmage!
402807	The soccer field gate can be found on the road near Snowhill.
402845	[*player*] completed an odd errand for fellow derby driver Tucker Thunderjolt.
403226	Perry at Perry's Patch in Snowhill is in dire need of some snowberries. She wants you to gather some for the cows of Sacred Grove.
403231	Thanks to you some of the kids at the Ayani Hospital can join the rock collection merriment. <BR><BR>Not only will they be having fun, they'll be getting stronger by the minute!<BR><BR>I hear that <font color='#d9781A'>Perry</font> near <font color='#d9781A'>Snowhill</font> and <font color='#d9781A'>Sunflower</font> in <font color='#d9781A'>Queensfields</font> may need your help too. 
403271	Perry in Perry's Patch near Snowhill wants you to gather some snowberries.
403343	Perry at Perry's Patch near Snowhill wants you to collect some rocks in Sanctuary
403349	She's waiting patiently at her pastures near Snowhill for the rocks that you've collected.
403487	Help the Sidekicks out! Play a game against the Snowhill Snowspurs with them.
403685	Snowhill Stopper Jersey
403690	Elite Pink Snowhill Stopper Jersey
403691	Elite Black Snowhill Stopper Jersey
403965	Snowhill Stopper Cleats
403970	{n}Elite Pink Snowhill Stopper Cleats{pl="Elite Pink Snowhill Stopper Cleats"}
403971	{n}Elite Black Snowhill Stopper Cleats{pl="Elite Black Snowhill Stopper Cleats"}
404245	Snowhill Stopper Bandana
404250	Elite Pink Snowhill Stopper Bandana
404251	Elite Black Snowhill Stopper Bandana
404525	Snowhill Stopper Shorts
404530	{n}Elite Pink Snowhill Stopper Shorts{pl="Elite Pink Snowhill Stopper Shorts"}
404531	{n}Elite Black Snowhill Stopper Shorts{pl="Elite Black Snowhill Stopper Shorts"}
404805	Snowhill Stopper Shin Guards
404810	{n}Elite Pink Snowhill Stopper Shin Guards{pl="Elite Pink Snowhill Stopper Shin Guards"}
404811	{n}Elite Black Snowhill Stopper Shin Guards{pl="Elite Black Snowhill Stopper Shin Guards"}
406694	'Tip Top' Tommy, in the Sunstone Gateway, has asked for help cleaning up around his workshop.
406698	'Tip Top' Tommy, in the Sunstone Gateway, has asked for assistance in replenishing his supply of scrap parts.
406702	'Tip Top' Tommy, in the Sunstone Gateway, has discovered that the robgoblins have been stealing his parts. Give them what for!
406703	I hope they learned a thing or two about what it means to steal from Tommy. Thanks, [*player*]!
406731	You say Tommy disproved the theory? I trust him, but now we're back to square one. Where does the water come from?
406758	'Tip Top' Tommy needs an example of a floating object before he can finish constructing Garrick's airship to get him off of the Sunstone Gateway.
406840	Help Tommy clean up his shop
406841	Help 'Tip Top' Tommy sort his parts and clean up his shop.
406849	Knock out the Robgoblin Troublemakers that have been pilfering 'Tip Top' Tommy's spare parts.
406902	Speak to 'Tip Top' Tommy
406903	Ask 'Tip Top' Tommy if he can assist in creating a flying machine to get Garrick home.
406977	Use your &quot;Mascot Madness&quot; ability to dress up as your team's mascot, a husky, and deliver some fliers to some fans in Snowhill!
406990	Give a flier to Ree Peatpants
406993	Give a flier to Little J
406997	Give a flier to Milus Featherfeet
407104	Give a flier to Holly Singsong
407106	Give a flier to Tevin
407108	Give a flier to Tad Slopeslider
407110	Snowhill Soccer Field
407502	Get over to the Snowhill Soccer Field!
407505	Finding the Snowhill Soccer field
407506	Over at Snowhill they have a soccer field where you can play by yourself or with others.<BR><BR>Available in an upcoming release!
407537	'Tip Top' Tommy
407713	Return to 'Tip Top' Tommy
407714	Inform 'Tip Top' Tommy of your success.
407720	Bring the scavenged parts back to 'Tip Top' Tommy.
407836	Ask 'Tip Top' Tommy if he knows anything about the oasis water's source.
407903	Inform 'Tip Top' Tommy of your findings.
408027	Look around Tommy's workshop
408028	Look around Tommy's workshop for clues as to why Precious is so frightened.
408221	#Cap([*player*]) dodged Chopper long enough to help Tommy tidy up his shop.
408222	#Cap([*player*]) helped 'Tip-Top' Tommy stock his shelves with several spare parts.
408638	Chip Numbwing
410047	I can't keep my fish cart full! The <font color='#d9781A'>pacu pacu</font> flies out of here! The tourists in Snowhill can't get enough. <BR><BR>Normally I catch all my own fish, but I see opportunity in you. <BR><BR>I'll cut you a real deal. Bring me some fish to help fill my cart and I'll reward you handsomely!
410099	I don't know why Big J lets beginners join the fishing crew. Hilbert dropped our entire <font color='#d9781A'>dynamite</font> supply into the water!<BR><BR>We don't have a single stick to blast the ice holes with.<BR><BR>It looks like we need to <font color='#d9781A'>fish out</font> unused <font color='#d9781A'>dynamite</font> if we plan on getting anything done today.
410139	Tommy Crackletoe
410160	Snowhill Sliders Jersey
410170	Snowhill Sliders Cleats
410173	You're in luck, [*player*]. This year's tournament winner gets the best prize yet. <font color='#d9781A'>Murphy</font> over at the <font color='#d9781A'>Snowhill Hot Springs</font> has offered up an all expenses paid snowy retreat!<BR><BR>Pack your bags and head on up to Snowhill. <BR><BR>Oh and a little travel advice, don't eat the yellow snow. It's not nearly as tasty as it looks.
410174	Fisherman: Snowhill Getaway
410175	You've won a relaxing Snowhill getaway for taking first place in the fishing tournament! Meet up with Murphy in Snowhill to start your vacation.
410176	Please accept my apologies! It seems I overbooked a few of the suites. Big J and his ice fishing crew needed rooms at the last minute. They're about to make a big expedition to Wintery Basin!<BR><BR>Let me at least pay you for your troubles. No hard feelings, right?
410178	Meet up with Murphy to find your suite in Snowhill!
410179	Visit Murphy in Snowhill
410180	Murphy in Snowhill should help you with your accomodations.
410182	Murphy says your suite is located in Snowhill at 1 Way Back Way.
410186	There has to be some sort of mistake! Murphy in Snowhill should be able to sort it all out.
410190	Welcome, [*player*]. You're going to love it here in Snowhill. We have something for everyone. You can find your room at <font color='#d9781A'>1 Way Back Way</font>. It's the Glacier Suite, complete with flat screen TV and PlayStation® 3!
410192	Don't forget to pack some warm clothes before heading to <font color='#d9781A'>Snowhill</font>. It can get quite chilly up there.
410194	Your suite is located at 1 Way Back Way, here in Snowhill.
410198	Too bad for you all the suites are booked, including this one! There's only room for Big J's ice fishing crew, and you're not part of it! If you have a problem, take it up with <font color='#d9781A'>Murphy</font>.
410200	I hate to leave you out in the cold, but I'm afraid all the rooms in town are full. I guess there's always old lady <font color='#d9781A'>Lenore</font>. She has a cabin out near <font color='#d9781A'>Frostbitten Banks</font> and loves visitors.<BR><BR>Chip Numbwing can show you the way there if you're interested.
410202	It's true. They're all booked up in Snowhill. Luckily, Big J thinks old lady Lenore at Frostbitten Banks would be willing to give you a place to stay.
410206	Talk to Chip Numbwing
410207	Chip Numbwing can show you the way to Frostbitten Banks.
410215	<font color='#d9781A'>Lenore</font> should have a place for you to stay at <font color='#d9781A'>Frostbitten Banks</font>. <font color='#d9781A'>Chip Numbwing</font> can show you the way there.
410250	Oh dear! I forgot about <font color='#d9781A'>Valinda's</font> fish in all this excitement. Every week she orders a ton of <font color='#d9781A'>Blue Thornfin</font> to feed to her penguins.<BR><BR>They may look cute and cuddly, but penguins have quite an appetite! You'll lend an old lady a hand, won't you?<BR>
410252	Lenore has been so excited with your arrival that she completely forgot about the Blue Thornfin fish she needed to deliver to Valinda! You'll help an old lady out and reel some in, won't you?
410255	Reel in some Blue Thornfin from the Frostbitten Banks for Valinda.
410257	Catch a bunch of Blue Thornfin from the Frostbitten Banks for Valinda's penguins.
410258	Visit Valinda
410259	Take the Blue Thornfin to Valinda at the Penguin Training Institute in Snowhill.
410260	Make sure you get plenty of <font color='#d9781A'>Blue Thornfin</font> for <font color='#d9781A'>Valinda</font>. Her penguins are hungry little things!
410275	You brought more Blue Thornfin than Valinda could carry! She's asked you ever so nicely to feed her penguins for her.
410279	Feed Valinda's penguins for her!
410281	Feed the hungry penguins near the training institute in Snowhill.
410295	Return to Valinda
410296	Let Valinda know you're done feeding the penguins.
410297	Talk to Lucca De'Flor
410298	Chef Lucca De'Flor of Snowhill wants to speak to you!
410302	Thanks so much for your help! I hope you don't mind, but I told a few people about the amazing catches you brought in. <font color='#d9781A'>Chef Lucca De'Flor</font> wanted to see the fish for himself. It's an honor really.
410338	Obtain the items Lucca De'Flor has requested so he can make a special new dish.
410340	Lucca De'Flor needs some Frostgill Smelt for his new dish! Fish of that type swim at the Frostbitten Banks.
410344	Lucca De'Flor needs some Spiralmint for his new dish! It's easily found just outside of Snowhill at Perry's Pasture.
410347	Return the ingredients to Lucca De'Flor in Snowhill.
410349	Deliver to Chip Numbwing
410438	You're reeling them in faster than I've ever seen. I could really use you on my team if you're up for it.<BR><BR>It won't be easy, but it's very rewarding. If you want to join us, you'll need to <font color='#d9781A'>pick up some supplies</font> from Smitty.
410440	Big J could really use an expert fisherman on his team. Before you can join the crew up at the Wintery Basin, you'll need to pick up some supplies from Smitty.
410444	Before you can join Big J's crew, you will need to pick up some supplies from Smitty in Snowhill.
410445	Visit Smitty
410446	Smitty should have all the supplies you need!
410451	Note to self: Penguins make terrible mailmen. They probably dropped the boxes along the road in Snowhill.
410453	Let Big J know you have all the supplies you need.
410482	I shipped Big J's order days ago! He should have received it by now. If not, then maybe one of those wacky penguin mailmen dropped it or something.
410488	Don't forget to pick up some supplies from <font color='#d9781A'>Smitty</font> here in Snowhill.
410493	You need to find those supply crates before you go to the Wintery Basin. I bet the penguin mailmen dropped them somewhere in Snowhill.
410500	Fisherman: Joining Big J's Crew
410501	Big J thinks you're ready to join his fishing crew! head to the Wintery Basin and get started.
410507	Big J wants you to join his crew. Head to the Wintery Basin for further instructions.
412211	Maybe Smitty in Snowhill can open the treasure chest.
412225	You are one lucky fisherman! I don't know how you reeled that in without snapping your line. I wonder what's inside? You should take the treasure to <font color='#d9781A'>Smitty</font> and see if he can open it.
412231	You should take that treasure chest to <font color='#d9781A'>Smitty in Snowhill</font> and see if he can open it.
412315	Learn how to be a blacksmith by finding Smitty in Snowhill.
412327	Speak to Garrison Gold in Snowhill
412464	Learn how to be a soccer star by finding Manager Landon in Snowhill.
412472	Learn how to be a warrior by finding Drill Sergeant Dewey in Snowhill.
412476	Speak to Drill Sergeant Dewey
413026	Learn how to be a miner by finding Therin at the Singing Crystal mines in Snowhill.
413638	There's gotta be a way to get on Big J's team!
413651	You think if we ask real nicely, we can get on Big J's team?
413758	Good job! Welcome to the guild. <BR><BR>I bet Therin will be so excited to meet you - he's the head of the guild, you know?
413759	Now that you're a part of the guild, Therin will probably want to meet and welcome you <font size='11'>and probably put you to work right away...</font><BR><BR>He's north in Snowhill. Maybe he'll even have an equipment upgrade there.
413760	Miner: Meet Therin, the Guildmaster
413761	Zoren Orecrusher would like to you meet the leader of the Dwarven Mining Guild, Therin, at the Singing Crystal Mines.
413763	Meet Therin, the Guildmaster
413815	Therin would like to meet the newest member of the Dwarven Mining Guild. He's working hard at the Singing Crystal Mines in Snowhill.
413973	Go meet the guild leader, Therin. He's at the Singing Crystal Mines at Snowhill.
414145	Snowhill Protector Badge
414146	Show off to your friends with this Snowhill Protector Badge.
414150	 Item: Collection Reward: Snowhill Protector
414506	My assistant, <font color='#D9781A'>Edward</font>, sells some recipes. <font color='#D9781A'>Learn</font> our <font color='#D9781A'>Sizzling Snowberry Saute</font> and <font color='#D9781A'>Stainberry Chocolate Gumdrop</font> recipes and then we'll talk!
414507	Dishes from Snowhill
414508	Lucca De'Flor in Snowhill wants you to visit his assistant, Edward, to learn how to make Sizzling Snowberry Saute and Stainberry Stickfruit.
414510	[*player*] has learned some new recipes from Assistant Chef Edward.
414512	Purchase recipes from Assistant Chef Edward in Snowhill.
414514	Assistant Chef Edward at Lucca's Cafe is selling this recipe.
414519	It's always freezing here in Snowhill. Why don't you help me <font color='#D9781A'>cook</font> up some of that <font color='#D9781A'>Sizzling Snowberry Saute</font> for my customers to help them stay warm?
414521	Lucca De'Flor wants you to grill up some Sizzling Snowberry Saute to help his customers stay warm.
414524	[*player*] has cooked up some hot food for the residents of Snowhill.
414526	As a chef, cook up Sizzling Snowberry Saute for Lucca De'Flor in Snowhill.
414535	Lucca De'Flor wants you to cook Stainberry Chocolate Gumdrop.
414537	[*player*] has made some delicious desserts for Lucca De'Flor's customers!
414582	Return to Lucca De'Flor
414583	Lucca De'Flor is at his cafe in Snowhill.
414586	Lucca De'Flor is having trouble keeping up with the rush in customers. Help him keep up with their orders!
414591	As a chef, cook several meals for the residents of Snowhill.
414599	Lucca De'Flor is at his restaurant in Snowhill.
414602	Lucca De'Flor wants you to hand out the orders you cooked to hte people that ordered them.
414604	[*player*] has delivered some delicious meals to people around Snowhill.
414612	Deliver several orders to residents around Snowhill.
414613	Deliver food to Sorin
414614	Sorin can be found in the mines of Snowhill.
414615	Deliver food to Smitty
414616	Smitty can be found by the forge, near the Snowhill mines.
414617	Deliver food to Drill Sergeant Dewey
414618	Drill Sergeant Dewey can be found nera the town hall in Snowhill.
414620	Lucca can be found at his restaurant in Snowhill.
414891	I'm telling you!  I'd rather fish up in the ice in Snowhill, than with the sharks in that stream.
415378	Collect fur from Frostfang Growlers in Snowhill.
415494	Fluffy Frostfang Growlers can be found in Snowhill. Don't worry, they shed their fur naturally!
416075	While wearing your spectral spectacles, find the spectral guardian in Snowhill.
416471	South of Snowhill, Manager Landon is helping teams recruit new soccer stars.
416782	The Pumpkin Prince moves around, but just you wait! He'll show up either at Snowhill, Bristlewood, or Stillwater Crossing. <BR><BR>When he does, we'll be there to scare him and his ghoulies away. Boo yeah!
416783	When the Pumpkin Prince appears, scare his minions off with your &quot;Scare&quot; ability. He randomly shows up in Snowhill, Bristlewood, or Stillwater Crossing.
416790	Ghost Hunters have been called in to help with disturbances at Snowhill, Bristlewood, and Stillwater Crossing.
416810	The Pumpkin Prince is terrorizing Snowhill!
417089	Snowhill Pond Fish
417094	Snowhill Stream Fish
417137	A collection of fish found in Snowhill Ponds.
417138	A collection of fish found in Snowhill Streams.
417398	With the defeat of the geomancer, I think it's safe to turn our attentions elsewhere. Like the frosty realm of Snowhill for instance!
417426	The <font color='#d9781a'>Snowhill</font> locals have reported a particularly bad-natured wolf, <font color='#d9781a'>Wild Fang</font>, prowling the area.<BR><BR>They say he's usually seen lurking outside of Frostfang Caverns. You should head up there and chase that wolf back into its cave!
417428	An unusually savage wolf known as Wild Fang is terrorizing the locals of Snowhill. Defeat it and keep the residients safe!
417429	If wolves were the only problem in Snowhill we'd be in good shape, but it seems that yetis, robgoblins, and ice trolls have been up to no good as well.
417431	Defeat Wild Fang, a wolf that lurks in the eastern reaches of Snowhill.
417438	Head to Snowhill and defeat Wild Fang, a nasty wolf that prowls outside of Frostfang Caverns!
417446	Let's start with the yetis. There are apparently small bands of yetis robbing travelers and tourists in Snowhill.<BR><BR>I'll need you to head back to <font color='#d9781a'>Snowhill</font> and keep an eye out for these <font color='#d9781a'>Frosty Yetis</font>. Make sure they're in no condition to keep robbing the honest folk of Snowhill!
417448	Yetis have been robbing travelers in Snowhill. Track down and defeat these Frosty Yetis so they stop their underhanded attacks.
417452	Defeat a band of Frosty Yetis in the icy reaches of Snowhill.
417458	Head to Snowhill and defeat a band of Frosty Yetis!
417462	There's a yeti in <font color='#d9781a'>Hot Springs Haven</font> that has kidnapped a bunch of little penguins from Snowhill to use as BOWLING PINS!<BR><BR>Infiltrate the area, bring down this <font color='#d9781a'>Champion Pengubowler</font>, and rescue those poor little penguins!
417474	Beyond the yetis, the biggest threat to Snowhill is probably the ice trolls. Reports say that there have been sightings of an <font color='#d9781a'>Ice Troll Scout</font> lurking just outside of <font color='#d9781a'>Snowhill</font>.<BR><BR>I don't know what he's doing, but it can't be good. Defeat him before he gets whatever it is he came for.
417476	Sightings of an Ice Troll Scout poking around on the fringes of Snowhill have been a cause for concern.<BR><BR>Track down the scout and defeat him before he can complete his mission.
417479	Defeat an Ice Troll Scout snooping around the edges of Snowhill.
417491	Find the Ice Troll Scout in Snowhill and defeat him.
417539	We don't know what those robgoblins will do! You'll have to hurry!<BR><BR>You'll find Tuga the Bruiser in the Deep Mines of Snowhill. Get going!
417551	The good news is, your work impressed the Miner's Guild. They've requested your services again! <BR><BR>They say that one of the areas in the Snowhill mine has been infested by <font color='#D9781A'>Echolyss, the Bat King</font> and his minions. They want you to enter this Bat Cave and defeat him. <BR><BR>Are you game?<BR>
417563	The ice trolls and the yeti are fighting each other in <font color='#D9781A'>Snowy Canyon</font>. You might think this makes our jobs easier, but it's only a matter of time before the fighting spills into Snowhill.<BR><BR>Defeat the leader of the yeti aggressors, <font color='#D9781A'>Unga Frostclaw</font>, and settle this conflict before it gets out of hand.<BR>
417565	The local yeti and ice trolls seem to be fighting each other in Snowy Canyon, but if their war is allowed to continue, it's only a matter of time before it spills into Snowhill. <BR><BR>Defeat the war leader of the yeti, Unga Frostclaw to settle the conflict.
417566	It strikes me as a little odd that the yetis were the aggressors here. <BR><BR>I'd always assumed the biggest threat to Snowhill was the Ice Trolls, but their force here was relatively weak.<BR><BR>I should investigate this a little further while you're on your next mission.<BR>
417573	Your target lies in Snowy Canyon. Defeat Unga Frostclaw and end his attack against the ice trolls before the fighting spreads into Snowhill.
418485	You've returned just in time! The ice trolls brought a huge force and attacked a small village outside of Snowhill!
418495	A huge ice troll leads the attack! You must stop them before they can reach Snowhill!<BR><BR>Use the pass through <font color='#d9781a'>Howling Hills</font> to find their force and defeat their leader, <font color='#d9781a'>Snognosh</font>, before it's too late!
418497	The ice trolls have attacked a settlement on the outskirts of Snowhill. Take the fight back to them!<BR><BR>Defeat their leader, Snognosh, before his force can advance into Snowhill!
418513	There is no time to waste! Get to the Howling Hills and defeat Snognosh before his forces can reach Snowhill!
419832	Candi Ivy
419836	The Gifting Tree is in bloom! Click on a sparkling present beneath the big tree in Snowhill to collect it.
419846	Return to Candi Ivy
419847	Show your gifts to Candi Ivy in Snowhill.
419849	Click on a sparkling present beneath the Gifting Tree in Snowhill to collect it.
419864	Collect your present by clicking on one of the sparkling packages beneath the big tree in Snowhill.
419887	Elite Explorer Backpack of Snowhill
419916	Elite Snowhill Explorer
420029	My name's Cinnamon and I'm a unicorn! Check out my spots!
420171	Tiger the Party Animal
420244	Take your present to Candi Ivy in Snowhill to see what's inside!
420269	Speak to a few people around Snowhill and see if you can figure out why they're unhappy with their gifts.
420275	In all the years I've lived in Snowhill, I've never known the Gifting Tree to have a problem growing presents.<BR><BR><font color='#D9781A'>Silversnow</font> planted the tree when it was just a sapling. Maybe he knows what's wrong.
420277	Speak to Silversnow, the old pixie near the crystal barrier, to see if he knows how to help the Gifting Tree.
420283	You should sneak into the <font color='#D9781A'>robgoblin camp</font> and find out what they are up to.<BR><BR>Of course, you won't get very far without a <font color='#D9781A'>disguise</font>. I bet <font color='#D9781A'>Spindle</font> can help!<BR><BR>He's been working on some sort of morphing device.
420285	You'll need the perfect disguise if you expect to sneak into the robgoblin camp! Luckily, Spindle in Snowhill needs a volunteer to test out his secret morphing device.
420293	Snowhill is overrun with present-snatching snowmen! Candi needs your help thinning out their numbers.
420300	Speak to Snowhill residents to find out why they are unhappy with their gifts.
420301	Speak to Downey
420302	See what Downey's problem with her present is.
420303	Speak to Milus Featherfeet
420306	Speak to Annabelle and see why she is unhappy with her present.
420308	Let Candi Ivy know what you've found out about the present problems.
420321	Did you figure out the present problem? Talk to a few of the complainers around Snowhill.
420397	Calvin Coldcastle
420404	Speak to Silversnow
420405	Have a chat with Silversnow and see if he knows what's wrong with the Gifting Tree.
420408	Snowball fights are so much fun!<BR><BR>You should play too! I'll even setup a match for you, on the official Snowhill Snowball Fighting Field!
420413	Speak to Candi Ivy
420418	Silversnow should know what's wrong with the Gifting Tree. You can find him by the crystal barrier.
420423	Question Therin about the mysterious coal showing up beneath the Gifting Tree.
420425	See if the mining foreman, Therin, knows where the coal is coming from.
420435	Let Candi Ivy know that the miners aren't responsible for the coal.
420482	Candi Ivy wants you to guard the opposite side of the Gifting Tree.
420492	Let Candi Ivy know that you overhead some shady robgoblins chatting near the Gifting Tree!
420500	Spindle
420506	Obtain a disguise from Spindle so you can sneak into the Robgoblin's camp.
420507	Speak to Spindle
420508	See if you can use Spindle's morphing gadget to get yourself a disguise.
420536	Let Candi Ivy know that the robgoblins are building evil snowmen to help them steal presents!
420570	Robgoblin Builder
420583	Crafty Robgoblin
420605	Knock out some robgoblin troublemakers at the camp just outside of Snowhill!
420611	Let Candi Ivy know that you were successful in stopping the robgoblins' snowman production!
420661	Help rid Snowhill of snowmen by pelting them with snowballs during the Snowman Showdown event.
420663	Take out a few snowmen that are snatching presents around Snowhill by pelting them with snowballs!
420665	Let Candi Ivy know you were successful in thinning out the snowmen's numbers.
420721	The winter holidays are a time for giving!<BR><BR>I like to <font color='#D9781A'>play music</font> for the old folks in Snowhill, but I'm way too busy today! They'll be so sad without their music.<BR><BR>Do you think you could be a <font color='#D9781A'>musician</font> for the day?
420723	Mayor Crystalline is too busy to play music for the old folks of Snowhill. She's asked you to take over being musician for the day!
420731	Play music for the old folks near the stage in Snowhill!
420733	Head over to the Snowhill stage and wow the crowd with your amazing conducting skills!
420735	Report your musical success to Mayor Crystalline in Snowhill.
420809	Everett
420813	Be on the lookout for snowmen running amuck in Snowhill! When they appear, be sure to use your special snowball ability to knock them over and collect coal.
420819	Give the coal to Everett
420820	Take the coal back to Everett in Snowhill.
420821	You'll need to collect some more coal before I can reward you.<BR><BR>Throw snowballs at snowmen around Snowhill to knock them down and snag their coal.
420833	Candi claims the best way to rid Snowhill of evil snowmen is by destroying the supplies that the robgoblins use to make them.
420983	Let Candi Ivy know you were successful in destroying the supplies!
420994	The old folks of Snowhill will be so happy to hear some holiday music! Play something lively though, or else they might fall asleep.
421002	Downey says that Burnetta's Curious Creation makes the perfect addition to holiday gift baskets, but she needs some help cooking it.
421058	Speak to Downey in Snowhill and let her know that you've made the treats for her gift baskets.
421069	I've counted my presents a dozen times. I'm sure a few of the gifts wrapped with green bows are missing.<BR><BR>What kind of coldhearted person would steal my presents?<BR><BR>Could you take a look around Snowhill and see if you can <font color='#D9781A'>find</font> my <font color='#D9781A'>presents<font> with <font color='#D9781A'>green bows</font>? 
421071	Annabelle swears some red and green presents have been stolen from her gift pile. She's asked you to take a look around Snowhill and try to recover them.
421079	Find all of Annabelle's missing presents hidden around Snowhill.
421081	Find the missing red and green wrapped presents hidden around Snowhill.
421082	Return to Annabelle
421083	Return the red and green presents to Annabelle in Snowhill.
421086	My presents have to be around Snowhill somewhere. <BR><BR>If you see any wrapped in <font color='#D9781A'>red paper and green bows</font>, please collect them for me.
421121	Silversnow planted the Gifting Tree many years ago.
421224	Umari's Boombox
422264	Snowhill.
422866	Tiger the Party Animal wants you to celebrate in style. Wear an outfit suitable for a luau and he'll give you a party favor. 
422870	Tiger the Party Animal has started a Pet Party. He'll give you a party favor, if you bring a pet. 
422874	Equip a luau outfit and speak to Tiger the Party Animal during a Luau Party.
422880	Obtain a pet and speak to Tiger the Party Animal during a Pet Party. 
422969	Crafty Robgoblins
422984	Silversnow's Sapling
422985	Robgoblin Builder Snowball
423004	Speak to Silversnow and see if he knows how to help the Gifting Tree.
423006	See if Silversnow knows how to help the Gifting Tree.
423010	Head to Perry's farm outside of Snowhill and harvest snowberry to use as festive fertilizer.
423035	Head to Perry's farm outside of Snowhill and harvest starnut to use as festive fertilizer.
423039	Let Candi Ivy know you've done all you can to help the Gifting Tree.
423066	Snowman Invaders are stealing presents in Snowhill!
423084	Did you use Spindle's <font color='#D9781A'>magic phone booth</font> yet? <BR><BR>You'll need to be using a robgoblin disguise before you can sneak into their camp.
423086	Keep an eye out for snowmen around Snowhill.<BR><BR>When you see them, pelt them with snowballs to knock them over!
423160	Tiger the Party Animal wants to give you a party favor if you're wearing some winter holiday themed clothes.
424776	Put on some wintery gear and speak to Tiger the Party Animal at a Winter Party.
424950	Sacred Grove's annual event celebrates the wintery holidays. Visit Snowhill to check out the festivities!
426652	Snowhill Launch Pads
426677	Snow Day: Snowhill Leap
426678	Head to Snowhill where we'll be enjoying group launch pad jumping! SERVER 1
426782	Harvesting: Snowhill: Game Guide
427060	Pluck a flower from Snowhill
427061	Use the launch pads to jump your way to the flower in Snowhill.
427724	Captain Ironsides
428115	Lucca De'Flor is super busy with the big cake bake-off. He wants you to help him cook some Crispy Choychoy Delight for the customers. 
428408	Why, hello there! Mystery meat? Oh no, it looks like we're all out. Maybe Cakenstein ate all my mystery meat too!<BR><BR>If he keeps eating all my cakes, I don't know how I'll ever win the cake-off. *sob* You should go <font color='#D9781A'>visit Lucca De'Flor in Snowhill</font>. I hear he might have some mystery meat.
428411	If you're looking for mystery meat, I heard that <font color='#D9781A'>Lucca De'Flor in Snowhill</font> might have a stack or two. 
428425	Did you <font color='#D9781A'>use fireworks</font> to <font color='#D9781A'>defeat</font> those <font color='#D9781A'>Cakensteins</font>? There are plenty of fireworks to go around.<BR><BR>I heard he was eating cakes in Merry Vale, Seaside, Wugachug, Snowhill, Briarwood, and Blackspore!
428511	Speak to Lucca De'Flor
428512	Hoarding as many ingredients as he can, he's going to try to win the big cake bake-off, representing Snowhill.
428544	Cakensteins have been spotted in several locations: Merry Vale, Seaside, Wugachug, Snowhill, Shrouded Glade, Briarwood, and Blackspore.
428583	In the snowiest of places, Snowhill, Lucca is baking up a storm.
428618	Lucca De'Flor in Snowhill wants you to cook up some Crispy Choychoy Delight.
428622	He's hanging out near his cooking table in Snowhill.
428679	Cakenstein has been spotted terrorizing several locations: Merry Vale, Seaside, Wugachug, Snowhill, Shrouded Glade, Briarwood, and Blackspore.
428746	Snowhill Cake
428911	Preview - Snowhill Lot
429152	Coin Farmer Lubag
429539	Nikki
429619	Cinnamon Stick
430048	Foreman Hetfield
430323	Bruce pretty good rockstar.
430860	Hi there, I'm Frostpetal, the town greeter for Snowhill Village.<BR><BR>I have a bunch of tips and tricks for you. Just select whatever option you want to learn about.
430889	Deliver letters to their recipients in Snowhill by pressing the Square button near the mail boxes close to Loryn.
430904	Interact with all the target dummies in order to complete the race! To start, interact with the flag next to Drill Sergeant Dewey.
430907	Find a copper node near Therin and mine one copper ore! Be sure to read the tutorial after you interact with the node!
430911	Beat this challenge to get the Snowhill Mail Room back on track by interacting with the mail boxes near Loryn!
430912	Launch the mail sorting game by interacting with the mailboxes near Loryn. Successfully complete the game once. (Placeholder objective - just click the postboxes in the mean time)
430914	Poor Ernie. He seems to be having trouble delivering the mail. He comes back with dog bites and bits of torn letters. Can you <font color='#D9781A'>help him</font> get the job done? Press the <font color='#D9781A'>Square button</font> near the <font color='#D9781A'>mail boxes to start</font> the challenge.
430996	Head back to Lealin and Interact with her to let her know how you did.
431007	Help Lealin defeat the evil snowmen by throwing hot water on them. Interact with the bucket next to Lealin to begin.
431132	Interact with the mailboxes near Loryn
431198	PCA Tricksters are using explosive fireballs to blow up the mailboxes in Snowhill! Fortunately you've been given Wolf and Chihuahua Mail Morph powers to strike back at them. Use Chihuahua form for speed. Transform into the wolf and then Interact with the Tricksters to terrorize them!
431239	Interact with Lealin to finish the game.
431392	Interact with Therin to let him know you've completed your deliveries.
431573	The Gifting Tree is in bloom! Interact with a sparkling present beneath the big tree in Snowhill to collect it.
431575	Interact with a sparkling present beneath the Gifting Tree in Snowhill to collect it.
431576	Collect your present by interacting with on one of the sparkling packages beneath the big tree in Snowhill.
432170	Roland Sporeling
432466	Now that you're a part of the guild, Therin will probably want to meet and welcome you <font size='14'>and probably put you to work right away...</font><BR><BR>He's north in Snowhill. Maybe he'll even have an equipment upgrade there.
432723	Snowhill Batcave Lot
432787	Snowhill Lodge
432788	Preview - Snowhill Lodge
432928	Michi was a tough opponent, but you won the fight! Unfortunately, when you look around, you see a ninja master standing nearby... on one leg! "Now, you will pay for defeating all the ninja of Lakeshore!" he says.
432933	Somewhere in Snowhill, there's a hot springs haven. It's filled with Yeti and treasure! You arrive in the frosty town looking for directions. You see a penguin postman, making his rounds. When you ask him for help, he gets angry!
433424	&lt;i&gt;Living in Snowhill makes him tough!&lt;/i&gt;
433433	&lt;i&gt;Warm clothing is a must when you live in Snowhill.&lt;/i&gt;
433562	&lt;i&gt;Look out for Frostfangs when you're in the hills of Snowhill!&lt;/i&gt;
434004	Somewhere in Snowhill, there's a hot springs haven. It's filled with Yeti and treasure! You arrive in the frosty town looking for directions. You see a penguin postman, making his rounds. Maybe he can tell you where to find the Yeti haven!
434448	Complete Assistant Chef Edward's Shopping List
434609	Bruce
434620	Steele
434961	Steele: Keep fighting the good fight!
435150	Farmer's Market - Assistant Chef Edward
435208	Assistant Chef Edward's Shopping List
436453	Community Event: Snowhill Hide and Seek
436454	Come join the Community Team for some Hide and Seek Fun in Snowhill! SERVER 1
436480	What, you beat me!?<BR><BR>Huh, you might actually stand a chance against The Baron, if you can find him. He used a Gloamstone to power the artifact and then used it against me and my SRS boys to escape. He's probably halfway to Snowhill by now...
436537	Something is causing Snowhill to melt! It's a terrible crisis. You must help us do something!<BR><BR>But first, I've started playing this fun game lately and found some new <font color='#D9781A'>cards</font>... let's <font color='#D9781A'>play</font> a few games!
436538	Card Duelist: Snowhill is Melting
436539	Mayor Crystalline in Snowhill wants you to play a few games of cards.
436541	It's been a long time since I was the Defender of Snowhill. I've been spending all my time with this game I found.<BR><BR>A dwarf with a monocle traded me some new <font color='#D9781A'>cards</font>... let's <font color='#D9781A'>play</font> a few games!
436543	Jonathon Forkpath in Snowhill wants you to play a few games of cards.
436544	I should have known I couldn't beat an experienced player like you!<BR><BR>Now about that whole Snowhill is melting thing. I wonder if that monocle wearing dwarf has anything to do with it? He was certainly a sneaky looking character.
436547	Scarlet Shadeveil in Snowhill wants you to play a few games of cards.
436551	Senari in Snowhill wants you to play a few games of cards. 
436555	Baron von Darkcheat in Snowhill wants you to play a few games of cards.
436578	Still looking for <font color='#D9781A'>Gerold</font>? Just head north along the road to Snowhill and you'll run right into him.
436596	What, you're still here?<BR><BR>Listen, if you really want to find The Baron go to Snowhill and talk to Mayor Crystalline. Now get out of here, before I call the rest of the SRS boys!
436598	If Jonathon Forkpath can't help us, we may be in REAL trouble! You better find him quickly.<BR><BR>I know he likes to walk around the center of town. Try looking for him there!
436600	That Scarlet Shadeveil is real good at hiding, but her favorite place to hide is right near the town hall. I bet you'll find her there!
436602	Senari knows the mountains around Snowhill better than anyone. I'm positive she'll be able to guide you to this mysterious dwarf in no time.
437100	The Bruce Signal
437102	Bruce
440941	Cragara
440947	Hmmm, is it a customer, perhaps interested in the rare items Cragara has brought to sell?<BR><BR>Ah, then it has arrived too soon! Cragara's journey from the Black Forest was long. Cragara must rest before the shop can be opened! But Cragara makes a promise... the items that Cragara brought will be worth the wait!
440994	Has it come to see the wonders Cragara is selling today?
440995	Cragara has brought the rarest of items!
440996	The items Cragara brings today are beyond compare!
441024	Be on the ride you want to train and use the jump pads to reach the Training Rings in Sanctuary, Snowhill, and Seaside.
441027	Bounce through the Snowhill hoop
441041	All you need to do to charge that saddle is bounce through the Training Hoops I've placed above the bounce pads in Sanctuary, Snowhill, and Seaside. And make sure you're on a ride that still needs training!<BR><BR>Come back and talk to me when you're done.
441079	Trina Turtledove of Snowhill wants you to complete a game of Penguin Defense called A Fishy Situation.
441081	We're no stranger to snowball battles here in Snowhill, but during the Snow Days we have the best snow and that makes for the best Snowball Fights!<BR><BR>Speak with Calvin Coldcastle here in Snowhill, team up with some others, and let the snow fly!
441083	Trina Turtledove of Snowhill wants you to participate in a snowball fight by speaking to Calvin Coldcastle.
441085	A small group of robgoblins is just outside of Snowhill. Normally they aren't much trouble, but lately they have been building snowmen - EVIL SNOWMEN!<BR><BR>Stop the evil snowmen before they attack Snowhill!
441086	Day 3: Crafty Robgoblins
441087	Trina Turtledove of Snowhill wants you to help Snowhill by stopping a nearby band of robgoblins from building evil snowmen.
441091	Trina Turtledove of Snowhill wants you to enjoy the season by eating one of each of the Snow Days cookies.
441093	Ice fishing in Wintery Basin is a time-honored tradition here in Snowhill. The most anyone has caught so far this season is 5 fish, but I bet you can do better!<BR><BR>Go out to Wintery Basin and return after you've shattered the current fishing record!
441095	Trina Turtledove of Snowhill wants you to participate in one of the most popular Snowhill tourist activities - fishing!
441096	Fishing is a time honored tradition here in Snowhill. Anyone can get lucky and catch a single fish, but it shows the signs of a true master to catch that many fish in such a short time!
441099	Trina Turtledove of Snowhill wants you to use the snowballs near the Gifting Tree to knock over a bunch of the attacking snowmen.
441102	Day 7: Snowhill Racing
441103	Trina Turtledove of Snowhill wants you to experience the thrill of racing in a solo game on Snowhill's Frost Ridge Speedway.
441107	Trina Turtledove of Snowhill wants you to enjoy the season by drinking some Eggnog.
441109	I normally play for the Sidekicks soccer team, but since I'm here helping with the festivities we need another player for the game against the Snowspurs.<BR><BR>Can you help me out by going to the soccer field just past Perry's Pastures and taking my spot in the Snowhill Soccer game?
441110	Day 9: Snowhill Soccer
441111	Trina Turtledove of Snowhill wants you to lead her team to victory in a game of Snowhill Soccer.
441112	Did you know that Soccer is the national sport of Snowhill? At least it might be if we were a nation or, ya know, had an official sport.
441113	Snowhill always seems like it's on the verge of being overrun by monsters! Help us by defeating the boss monsters in a major Snowhill battle!<BR><BR>Enter Hot Springs Haven, The Bat Cave, Deep Mines, Howling Hills, Frostfang Caverns, or Snowy Canyon and complete the battle.
441114	Day 10: Battle for Snowhill
441115	Trina Turtledove of Snowhill wants you to help keep the festivities safe by completing any of Snowhill's major battles.
441116	You're an impressive battler!<BR><BR>Which is good because we always seem to need skilled heroes like you to keep Snowhill a safe place to live and visit!
441117	Demolition Derby is not actually a Snowhill tradition, but maybe it should be!<BR><BR>Go to the Frost Ridge Speedway and participate in a game of Demolition Derby. I promise to cheer you on!<BR><BR>Don't use the lobby or group for this one - I want to see if you can do it without help!
441118	Day 11: Snowhill Derby
441119	Trina Turtledove of Snowhill wants you to participate in a Demolition Derby match by yourself at Frost Ridge Speedway.
441121	The leader of the snowmen is absolutely abominable! And he's not very nice, either!<BR><BR>Grab some Anti-Snowman Snowballs from the piles near the Gifting Tree and help the citizens of Snowhill defeat the Abominable Snowman!
441123	Trina Turtledove of Snowhill wants you to help stop the Abominable Snowman from stealing the gifts around the Gifting Tree.
441137	12 Days 2013 - Day 3: Crafty Robgoblins
441139	Complete the Crafty Robgoblins holiday battle
441158	Participate in a time-honored Snowhill past time - fishing!
441165	Defeat attacking snowmen in Snowhill
441169	12 Days 2013 - Day 7: Snowhill Racing
441182	Trina Turtledove wants you to complete a game of Snowhill Soccer.
441183	Win a Snowhill Soccer minigame
441187	12 Days 2013 - Day 10: Battle for Snowhill
441189	Complete any of the Snowhill battles
441193	12 Days 2013 - Day 11: Snowhill Demo Derby
441297	Speak with Calvin Coldcastle here in Snowhill and join or create a game to participate in a Snowball Fight. When you get into the battle, pick up some snowballs and throw them at the players on the other team to score points!
441299	Those robgoblins don't know when to stop! Go just beyond the Snowhill archway, confront the robgoblins, and knock some cheer into them!
441303	Travel to Wintery Basin here in Snowhill. Once you're inside, catch enough fish so that you smash the season's current fishing record.<BR><BR>Any treasure chests you find are a nice bonus, but only catching fish will count toward today's challenge!
441307	There's nothing quite like racing around on a racetrack!<BR><BR>Go to the Frost Ridge Speedway just outside of Snowhill, complete a solo race, and then return to me.
441311	Go to the soccer field outside of Snowhill and past Perry's Pastures. You'll be taking my place on the team, so complete a game of Snowhill Soccer and then come back and tell me how it went!
441313	Complete any of the Snowhill battles by defeating the bosses of Hot Springs Haven, The Bat Cave, Deep Mines, Howling Hills, Frostfang Caverns, or Snowy Canyon.<BR><BR>Once you've done that, return to me and tell me of your adventures!
441315	Go to the Frost Ridge Speedway outside of Snowhill and enter a solo game of Demolition Derby.<BR><BR>After you complete the game, return to me!
441346	Yoink
441431	Yoink here! Robgoblin Banker ready to serve.
441433	Ah, Cragara thinks it is time to close the shop.
441434	But do not worry! Cragara's shop will open again... somewhere. Heh Heh Heh!
441450	You can still complete the challenge for any day that you miss and earn your present, but then you will need to buy a bow in order to open it.<BR><BR>So visit Snowhill each day and complete the challenges as they become available to get your bows for free!
441963	Help bring more Snow Days cheer to Snowhill! Log in every day from the 13th through the 24th and use Trina Turtledove's Present Tracker to help find presents and collect bows. Then come back to open your gifts on the 25th!<BR><BR>Talk to Trina to track your progress and start earning your Big Presents today!
441965	It's time to open those presents!<br><br>Talk to Trina Turtledove in Snowhill to open up your completed presents. You still have until January 3rd to complete any quests or buy any bows for the days that you're missing. Get them before they're gone!
441967	Snowhill Training Hoop
442224	Speak to Smitty in Snowhill for more information on how to become a Blacksmith.
442231	Speak to Manager Landon in Snowhill for more information on how to become a Soccer Star.
442232	Speak to Drill Sergeant Dewey in Snowhill for more information on how to become a Warrior.
442237	Speak to Therin in Snowhill for more information on how to become a Miner.
442239	Learn how to advance your skill as a Blacksmith by speaking with Smitty in Snowhill
442246	Learn how to advance your skill as a Soccer Star by speaking with Manager Landon in Snowhill
442247	Learn how to advance your skill as a Warrior by speaking with Drill Sergeant Dewey in Snowhill
442252	Learn how to advance your skill as a Miner by speaking with Therin in Snowhill
442254	Speak to Smitty in Snowhill
442261	Speak to Manager Landon in Snowhill
442262	Speak to Drill Sergeant Dewey in Snowhill
442267	Speak to Therin in Snowhill
442800	Plastic Lawn Flamingo - Bruce
442802	Able to stand in the corporate jungle as easily as the front lawn, Bruce likes to spend his weekends looking at classic karts.
442969	{n}Sweetwater Sasparilla - Snowhill{pl="Sweetwater Sasparilla - Snowhill"}
4419616	Bruce
4419632	Oh man! This is your chance!<BR><BR>Honestly, who hasn't dreamt about being a rockstar, like me, Bruce!<BR><BR>Now you can! Check out these sweet new <font color='#D9781A'>music blocks</font> and start making your own music in your house!
4419687	The third step in training a ride is to instill a sense of confidence in your ride.<BR><BR>Go to the launch pads in Snowhill and jump through the fiery hoop above while riding your untrained glide-trainable ride.
4419689	Troy Ridewrangler in Seaside has asked me to use a launch pad to launch myself and my untrained glide-trainable ride through a fiery hoop in Snowhill.
4419723	Glide Training: Step 3: Snowhill
4419724	Bounce through the fiery hoop above the launch pad in Snowhill while on your untrained glide-trainable ride.
4419725	Bounce through the Snowhill hoop
4419847	I placed a fiery ring above a launch pad above the mountains of Snowhill.<BR><BR>While on your untrained, glide-trainable ride, bounce off of the launch pad and through the fiery ring.
5101939	Don't drink this frosty Snowhill brew too quickly as it's sure to cause brain freeze!
5101985	Tommy
5102002	I’ve heard rumors of a suspicious person messing around with the Crystal Barrier. Talk to Silver Snow, he’s the oldest Pixie in Snowhill. It something is going on he would be the first to know.
5102045	The school grounds are now safe, but I’m unsure about our students. My assistant Valinda would know better. Go talk to her.
5102053	Talk to Valinda
5102116	Wayland
5102169	Talk to Morninglory
5102173	Return to Valinda
5102192	Morninglory
5102200	Dempsy
5102292	Spratt
5102347	Defeat 5 Ice Wolves in Snowhill.
5102349	Defeat 50 Ice Wolves in Snowhill.
5102351	Defeat 500 Ice Wolves in Snowhill.
5102353	Defeat 5 Ice Trolls in Snowhill.
5102355	Defeat 50 Ice Trolls in Snowhill.
5102357	Defeat 500 Ice Trolls in Snowhill.
5102359	Defeat 5 Yetis in Snowhill.
5102361	Defeat 50 Yetis in Snowhill.
5102363	Defeat 500 Yetis in Snowhill.
5102405	Momma Meepster
5102407	Locate Momma Meepster's lost baby Meeps.
5102412	Return to Momma Meepster
5102417	Help Momma Meepster out and adopt some Meeps! They only eat ice cubes.
5102420	Reba
5102437	Sonja
5102476	Find Sonja
5102498	Summon an 8-Bit Meep pet after completing Momma Meepster's quest.
5102505	Skye
5102517	Fladnag
5102558	Vaal
5102777	Discover who is snatching presents in Snowhill.
5102780	Save the Snowhill Gifting Tree and receive its thank you gift.
5102785	Defend Snowhill from the Abominable Snowman and retrieve your reward.
5102787	Coal Carrier
5102788	Complete Snowman Showdown for Everett 5 times.
5102789	Achievement: Coal Carrier
5102791	Complete Snowman Showdown for Everett 20 times.
5102924	Silversnow
5102976	Bert & Ernie
5102977	Bruce
5102983	This Special Edition Collector Pack inclues a rare FREE Bruce toy!
5103022	Win a Duel in Snowhill
